   0  $accept : prog $end

   1  prog : ID BEGIN cuerpo END
   2       | ID cuerpo END
   3       | BEGIN END
   4       | ID BEGIN cuerpo
   5       | ID cuerpo
   6       | BEGIN cuerpo

   7  cuerpo : cuerpo sentencia
   8         | sentencia

   9  sentencia : sentencia_declaracion
  10            | sentencia_ejecucion

  11  sentencia_declaracion : tipo lista_variables ';'
  12                        | tipo lista_variables
  13                        | declaracion_funcion
  14                        | TYPEDEF ID ASIGNACION tipo '[' subrango ']' ';'
  15                        | TYPEDEF ID ASIGNACION tipo '[' subrango ';'
  16                        | TYPEDEF ID ASIGNACION tipo subrango ']' ';'
  17                        | TYPEDEF ID ASIGNACION tipo subrango ';'
  18                        | TYPEDEF ID ASIGNACION tipo '[' ']' ';'
  19                        | TYPEDEF ASIGNACION tipo '[' subrango ']' ';'
  20                        | TYPEDEF ID ASIGNACION '[' subrango ']' ';'
  21                        | TYPEDEF STRUCT '<' lista_tipos '>' '(' lista_variables ',' ')' ID ';'
  22                        | TYPEDEF STRUCT lista_tipos '(' lista_variables ',' ')' ID ';'
  23                        | TYPEDEF '<' lista_tipos '>' '(' lista_variables ',' ')' ID ';'
  24                        | TYPEDEF STRUCT '<' lista_tipos '>' '(' lista_variables ',' ')' ';'

  25  subrango : factor ',' factor
  26           | factor factor

  27  declaracion_funcion : tipo FUN ID '(' parametro ')' BEGIN cuerpo RET '(' expresion ')' ';' END
  28                      | tipo FUN ID '(' parametro ')' BEGIN cuerpo END
  29                      | FUN ID '(' parametro ')' BEGIN cuerpo RET '(' expresion ')' ';' END
  30                      | tipo ID '(' parametro ')' BEGIN cuerpo RET '(' expresion ')' ';' END
  31                      | tipo FUN '(' parametro ')' BEGIN cuerpo RET '(' expresion ')' ';' END
  32                      | tipo FUN ID parametro BEGIN cuerpo RET '(' expresion ')' ';' END
  33                      | tipo FUN ID '(' parametro ')' BEGIN cuerpo RET expresion ';' END
  34                      | tipo FUN ID '(' ')' BEGIN cuerpo RET '(' expresion ')' ';' END
  35                      | tipo FUN ID '(' parametro ')' cuerpo RET '(' expresion ')' ';' END
  36                      | tipo FUN ID '(' parametro ')' BEGIN cuerpo error
  37                      | tipo FUN ID '(' parametro ')' BEGIN END

  38  sentencia_ejecucion : asignacion
  39                      | condicion_if
  40                      | sentencia_print
  41                      | sentencia_while
  42                      | invocacion_funcion ';'
  43                      | GOTO ETIQUETA ';'
  44                      | GOTO ETIQUETA
  45                      | GOTO ';'
  46                      | ETIQUETA
  47                      | CML

  48  sentencia_while : REPEAT bloque_sentencia_ejecutable WHILE '(' condicion ')' ';'
  49                  | REPEAT bloque_sentencia_ejecutable '(' condicion ')' ';'
  50                  | REPEAT bloque_sentencia_ejecutable WHILE '(' condicion ')'
  51                  | REPEAT bloque_sentencia_ejecutable WHILE '(' ')' ';'
  52                  | REPEAT bloque_sentencia_ejecutable WHILE condicion ')' ';'
  53                  | REPEAT bloque_sentencia_ejecutable WHILE '(' condicion ';'
  54                  | REPEAT bloque_sentencia_ejecutable WHILE condicion ';'
  55                  | REPEAT WHILE '(' condicion ')' ';'

  56  sentencia_print : OUTF '(' CML ')' ';'
  57                  | OUTF '(' expresion ')' ';'
  58                  | OUTF '(' ')' ';'
  59                  | OUTF '(' expresion ')'
  60                  | OUTF '(' CML ')'
  61                  | OUTF CML ';'
  62                  | OUTF expresion ';'
  63                  | OUTF '(' error ')' ';'

  64  parametro : tipo ID
  65            | tipo

  66  invocacion_funcion : ID '(' expresion ')'
  67                     | ID '(' ')'

  68  bloque_sentencia_ejecutable : BEGIN lista_sentencias END

  69  lista_sentencias : lista_sentencias sentencia_ejecucion
  70                   | sentencia_ejecucion

  71  condicion_if : IF '(' condicion ')' THEN bloque_sentencia_ejecutable END_IF ';'
  72               | IF '(' condicion ')' THEN bloque_sentencia_ejecutable ELSE bloque_sentencia_ejecutable END_IF ';'
  73               | IF '(' condicion ')' bloque_sentencia_ejecutable END_IF ';'
  74               | IF '(' ')' THEN bloque_sentencia_ejecutable END_IF ';'
  75               | IF '(' condicion ')' THEN error END_IF ';'
  76               | IF '(' condicion ')' THEN bloque_sentencia_ejecutable ';'
  77               | IF '(' condicion ')' THEN bloque_sentencia_ejecutable error
  78               | IF THEN bloque_sentencia_ejecutable END_IF error
  79               | IF '(' condicion ')' THEN bloque_sentencia_ejecutable bloque_sentencia_ejecutable END_IF ';'
  80               | IF '(' condicion ')' THEN bloque_sentencia_ejecutable ELSE bloque_sentencia_ejecutable END_IF
  81               | IF '(' condicion ')' THEN bloque_sentencia_ejecutable ELSE END_IF ';'
  82               | IF '(' condicion ')' THEN ELSE bloque_sentencia_ejecutable END_IF ';'
  83               | IF '(' condicion ')' THEN bloque_sentencia_ejecutable ELSE bloque_sentencia_ejecutable ';'
  84               | IF condicion THEN bloque_sentencia_ejecutable END_IF ';'
  85               | IF '(' condicion THEN bloque_sentencia_ejecutable END_IF ';'
  86               | IF condicion ')' THEN bloque_sentencia_ejecutable END_IF ';'
  87               | IF '(' condicion THEN bloque_sentencia_ejecutable ELSE bloque_sentencia_ejecutable END_IF ';'
  88               | IF condicion ')' THEN bloque_sentencia_ejecutable ELSE bloque_sentencia_ejecutable END_IF ';'
  89               | IF condicion THEN bloque_sentencia_ejecutable ELSE bloque_sentencia_ejecutable END_IF ';'
  90               | IF '(' condicion ')' THEN sentencia_ejecucion END_IF ';'
  91               | IF '(' condicion ')' THEN sentencia_ejecucion ELSE bloque_sentencia_ejecutable END_IF ';'
  92               | IF '(' condicion ')' THEN bloque_sentencia_ejecutable ELSE sentencia_ejecucion END_IF ';'
  93               | IF '(' condicion ')' THEN sentencia_ejecucion ELSE sentencia_ejecucion END_IF ';'

  94  condicion : expresion comparador expresion
  95            | expresion error expresion

  96  asignacion : lista_variables ASIGNACION lista_expresiones ';'

  97  expresion : expresion '+' termino
  98            | expresion '-' termino
  99            | expresion '+' '+' termino
 100            | expresion '-' '+' termino
 101            | '+' termino
 102            | expresion '+'
 103            | expresion '-'
 104            | TOD '(' expresion ')'
 105            | TOD '(' ')'
 106            | termino

 107  termino : termino '*' factor
 108          | termino '/' factor
 109          | termino '*' '*' factor
 110          | termino '*' '/' factor
 111          | termino '/' '/' factor
 112          | termino '/' '*' factor
 113          | termino '/'
 114          | termino '*'
 115          | '/' factor
 116          | '*' factor
 117          | factor

 118  factor : invocacion_funcion
 119         | ID
 120         | id_compuesta
 121         | LONGINT
 122         | '-' LONGINT
 123         | HEXA
 124         | '-' HEXA
 125         | DOUBLE
 126         | '-' DOUBLE

 127  lista_variables : lista_variables ',' ID
 128                  | lista_variables ',' id_compuesta
 129                  | id_compuesta
 130                  | ID

 131  id_compuesta : ID '.' ID

 132  lista_expresiones : lista_expresiones ',' expresion
 133                    | expresion

 134  lista_tipos : lista_tipos ',' tipo
 135              | lista_tipos tipo
 136              | tipo

 137  tipo : DOUBLE
 138       | LONGINT
 139       | ID
 140       | TYPEDEF ID

 141  comparador : '<'
 142             | '>'
 143             | MAYOR_IGUAL
 144             | MENOR_IGUAL
 145             | DISTINTO

state 0
	$accept : . prog $end  (0)

	BEGIN  shift 1
	ID  shift 2
	.  error

	prog  goto 3


state 1
	prog : BEGIN . END  (3)
	prog : BEGIN . cuerpo  (6)

	IF  shift 4
	END  shift 5
	OUTF  shift 6
	TYPEDEF  shift 7
	FUN  shift 8
	REPEAT  shift 9
	GOTO  shift 10
	ID  shift 11
	LONGINT  shift 12
	CML  shift 13
	DOUBLE  shift 14
	ETIQUETA  shift 15
	.  error

	cuerpo  goto 16
	sentencia  goto 17
	sentencia_declaracion  goto 18
	sentencia_ejecucion  goto 19
	tipo  goto 20
	lista_variables  goto 21
	declaracion_funcion  goto 22
	asignacion  goto 23
	condicion_if  goto 24
	sentencia_print  goto 25
	sentencia_while  goto 26
	invocacion_funcion  goto 27
	id_compuesta  goto 28


state 2
	prog : ID . BEGIN cuerpo END  (1)
	prog : ID . cuerpo END  (2)
	prog : ID . BEGIN cuerpo  (4)
	prog : ID . cuerpo  (5)

	IF  shift 4
	BEGIN  shift 29
	OUTF  shift 6
	TYPEDEF  shift 7
	FUN  shift 8
	REPEAT  shift 9
	GOTO  shift 10
	ID  shift 11
	LONGINT  shift 12
	CML  shift 13
	DOUBLE  shift 14
	ETIQUETA  shift 15
	.  error

	cuerpo  goto 30
	sentencia  goto 17
	sentencia_declaracion  goto 18
	sentencia_ejecucion  goto 19
	tipo  goto 20
	lista_variables  goto 21
	declaracion_funcion  goto 22
	asignacion  goto 23
	condicion_if  goto 24
	sentencia_print  goto 25
	sentencia_while  goto 26
	invocacion_funcion  goto 27
	id_compuesta  goto 28


state 3
	$accept : prog . $end  (0)

	$end  accept


state 4
	condicion_if : IF . '(' condicion ')' THEN bloque_sentencia_ejecutable END_IF ';'  (71)
	condicion_if : IF . '(' condicion ')' THEN bloque_sentencia_ejecutable ELSE bloque_sentencia_ejecutable END_IF ';'  (72)
	condicion_if : IF . '(' condicion ')' bloque_sentencia_ejecutable END_IF ';'  (73)
	condicion_if : IF . '(' ')' THEN bloque_sentencia_ejecutable END_IF ';'  (74)
	condicion_if : IF . '(' condicion ')' THEN error END_IF ';'  (75)
	condicion_if : IF . '(' condicion ')' THEN bloque_sentencia_ejecutable ';'  (76)
	condicion_if : IF . '(' condicion ')' THEN bloque_sentencia_ejecutable error  (77)
	condicion_if : IF . THEN bloque_sentencia_ejecutable END_IF error  (78)
	condicion_if : IF . '(' condicion ')' THEN bloque_sentencia_ejecutable bloque_sentencia_ejecutable END_IF ';'  (79)
	condicion_if : IF . '(' condicion ')' THEN bloque_sentencia_ejecutable ELSE bloque_sentencia_ejecutable END_IF  (80)
	condicion_if : IF . '(' condicion ')' THEN bloque_sentencia_ejecutable ELSE END_IF ';'  (81)
	condicion_if : IF . '(' condicion ')' THEN ELSE bloque_sentencia_ejecutable END_IF ';'  (82)
	condicion_if : IF . '(' condicion ')' THEN bloque_sentencia_ejecutable ELSE bloque_sentencia_ejecutable ';'  (83)
	condicion_if : IF . condicion THEN bloque_sentencia_ejecutable END_IF ';'  (84)
	condicion_if : IF . '(' condicion THEN bloque_sentencia_ejecutable END_IF ';'  (85)
	condicion_if : IF . condicion ')' THEN bloque_sentencia_ejecutable END_IF ';'  (86)
	condicion_if : IF . '(' condicion THEN bloque_sentencia_ejecutable ELSE bloque_sentencia_ejecutable END_IF ';'  (87)
	condicion_if : IF . condicion ')' THEN bloque_sentencia_ejecutable ELSE bloque_sentencia_ejecutable END_IF ';'  (88)
	condicion_if : IF . condicion THEN bloque_sentencia_ejecutable ELSE bloque_sentencia_ejecutable END_IF ';'  (89)
	condicion_if : IF . '(' condicion ')' THEN sentencia_ejecucion END_IF ';'  (90)
	condicion_if : IF . '(' condicion ')' THEN sentencia_ejecucion ELSE bloque_sentencia_ejecutable END_IF ';'  (91)
	condicion_if : IF . '(' condicion ')' THEN bloque_sentencia_ejecutable ELSE sentencia_ejecucion END_IF ';'  (92)
	condicion_if : IF . '(' condicion ')' THEN sentencia_ejecucion ELSE sentencia_ejecucion END_IF ';'  (93)

	THEN  shift 31
	ID  shift 32
	LONGINT  shift 33
	HEXA  shift 34
	DOUBLE  shift 35
	TOD  shift 36
	'+'  shift 37
	'-'  shift 38
	'*'  shift 39
	'/'  shift 40
	'('  shift 41
	.  error

	factor  goto 42
	expresion  goto 43
	invocacion_funcion  goto 44
	condicion  goto 45
	termino  goto 46
	id_compuesta  goto 47


state 5
	prog : BEGIN END .  (3)

	.  reduce 3


state 6
	sentencia_print : OUTF . '(' CML ')' ';'  (56)
	sentencia_print : OUTF . '(' expresion ')' ';'  (57)
	sentencia_print : OUTF . '(' ')' ';'  (58)
	sentencia_print : OUTF . '(' expresion ')'  (59)
	sentencia_print : OUTF . '(' CML ')'  (60)
	sentencia_print : OUTF . CML ';'  (61)
	sentencia_print : OUTF . expresion ';'  (62)
	sentencia_print : OUTF . '(' error ')' ';'  (63)

	ID  shift 32
	LONGINT  shift 33
	HEXA  shift 34
	CML  shift 48
	DOUBLE  shift 35
	TOD  shift 36
	'+'  shift 37
	'-'  shift 38
	'*'  shift 39
	'/'  shift 40
	'('  shift 49
	.  error

	factor  goto 42
	expresion  goto 50
	invocacion_funcion  goto 44
	termino  goto 46
	id_compuesta  goto 47


state 7
	sentencia_declaracion : TYPEDEF . ID ASIGNACION tipo '[' subrango ']' ';'  (14)
	sentencia_declaracion : TYPEDEF . ID ASIGNACION tipo '[' subrango ';'  (15)
	sentencia_declaracion : TYPEDEF . ID ASIGNACION tipo subrango ']' ';'  (16)
	sentencia_declaracion : TYPEDEF . ID ASIGNACION tipo subrango ';'  (17)
	sentencia_declaracion : TYPEDEF . ID ASIGNACION tipo '[' ']' ';'  (18)
	sentencia_declaracion : TYPEDEF . ASIGNACION tipo '[' subrango ']' ';'  (19)
	sentencia_declaracion : TYPEDEF . ID ASIGNACION '[' subrango ']' ';'  (20)
	sentencia_declaracion : TYPEDEF . STRUCT '<' lista_tipos '>' '(' lista_variables ',' ')' ID ';'  (21)
	sentencia_declaracion : TYPEDEF . STRUCT lista_tipos '(' lista_variables ',' ')' ID ';'  (22)
	sentencia_declaracion : TYPEDEF . '<' lista_tipos '>' '(' lista_variables ',' ')' ID ';'  (23)
	sentencia_declaracion : TYPEDEF . STRUCT '<' lista_tipos '>' '(' lista_variables ',' ')' ';'  (24)
	tipo : TYPEDEF . ID  (140)

	ID  shift 51
	STRUCT  shift 52
	ASIGNACION  shift 53
	'<'  shift 54
	.  error


state 8
	declaracion_funcion : FUN . ID '(' parametro ')' BEGIN cuerpo RET '(' expresion ')' ';' END  (29)

	ID  shift 55
	.  error


state 9
	sentencia_while : REPEAT . bloque_sentencia_ejecutable WHILE '(' condicion ')' ';'  (48)
	sentencia_while : REPEAT . bloque_sentencia_ejecutable '(' condicion ')' ';'  (49)
	sentencia_while : REPEAT . bloque_sentencia_ejecutable WHILE '(' condicion ')'  (50)
	sentencia_while : REPEAT . bloque_sentencia_ejecutable WHILE '(' ')' ';'  (51)
	sentencia_while : REPEAT . bloque_sentencia_ejecutable WHILE condicion ')' ';'  (52)
	sentencia_while : REPEAT . bloque_sentencia_ejecutable WHILE '(' condicion ';'  (53)
	sentencia_while : REPEAT . bloque_sentencia_ejecutable WHILE condicion ';'  (54)
	sentencia_while : REPEAT . WHILE '(' condicion ')' ';'  (55)

	BEGIN  shift 56
	WHILE  shift 57
	.  error

	bloque_sentencia_ejecutable  goto 58


state 10
	sentencia_ejecucion : GOTO . ETIQUETA ';'  (43)
	sentencia_ejecucion : GOTO . ETIQUETA  (44)
	sentencia_ejecucion : GOTO . ';'  (45)

	ETIQUETA  shift 59
	';'  shift 60
	.  error


state 11
	invocacion_funcion : ID . '(' expresion ')'  (66)
	invocacion_funcion : ID . '(' ')'  (67)
	lista_variables : ID .  (130)
	id_compuesta : ID . '.' ID  (131)
	tipo : ID .  (139)

	'.'  shift 61
	'('  shift 62
	FUN  reduce 139
	ID  reduce 139
	ASIGNACION  reduce 130
	','  reduce 130


state 12
	tipo : LONGINT .  (138)

	.  reduce 138


state 13
	sentencia_ejecucion : CML .  (47)

	.  reduce 47


state 14
	tipo : DOUBLE .  (137)

	.  reduce 137


state 15
	sentencia_ejecucion : ETIQUETA .  (46)

	.  reduce 46


state 16
	prog : BEGIN cuerpo .  (6)
	cuerpo : cuerpo . sentencia  (7)

	IF  shift 4
	OUTF  shift 6
	TYPEDEF  shift 7
	FUN  shift 8
	REPEAT  shift 9
	GOTO  shift 10
	ID  shift 11
	LONGINT  shift 12
	CML  shift 13
	DOUBLE  shift 14
	ETIQUETA  shift 15
	$end  reduce 6

	sentencia  goto 63
	sentencia_declaracion  goto 18
	sentencia_ejecucion  goto 19
	tipo  goto 20
	lista_variables  goto 21
	declaracion_funcion  goto 22
	asignacion  goto 23
	condicion_if  goto 24
	sentencia_print  goto 25
	sentencia_while  goto 26
	invocacion_funcion  goto 27
	id_compuesta  goto 28


state 17
	cuerpo : sentencia .  (8)

	.  reduce 8


state 18
	sentencia : sentencia_declaracion .  (9)

	.  reduce 9


state 19
	sentencia : sentencia_ejecucion .  (10)

	.  reduce 10


state 20
	sentencia_declaracion : tipo . lista_variables ';'  (11)
	sentencia_declaracion : tipo . lista_variables  (12)
	declaracion_funcion : tipo . FUN ID '(' parametro ')' BEGIN cuerpo RET '(' expresion ')' ';' END  (27)
	declaracion_funcion : tipo . FUN ID '(' parametro ')' BEGIN cuerpo END  (28)
	declaracion_funcion : tipo . ID '(' parametro ')' BEGIN cuerpo RET '(' expresion ')' ';' END  (30)
	declaracion_funcion : tipo . FUN '(' parametro ')' BEGIN cuerpo RET '(' expresion ')' ';' END  (31)
	declaracion_funcion : tipo . FUN ID parametro BEGIN cuerpo RET '(' expresion ')' ';' END  (32)
	declaracion_funcion : tipo . FUN ID '(' parametro ')' BEGIN cuerpo RET expresion ';' END  (33)
	declaracion_funcion : tipo . FUN ID '(' ')' BEGIN cuerpo RET '(' expresion ')' ';' END  (34)
	declaracion_funcion : tipo . FUN ID '(' parametro ')' cuerpo RET '(' expresion ')' ';' END  (35)
	declaracion_funcion : tipo . FUN ID '(' parametro ')' BEGIN cuerpo error  (36)
	declaracion_funcion : tipo . FUN ID '(' parametro ')' BEGIN END  (37)

	FUN  shift 64
	ID  shift 65
	.  error

	lista_variables  goto 66
	id_compuesta  goto 28


state 21
	asignacion : lista_variables . ASIGNACION lista_expresiones ';'  (96)
	lista_variables : lista_variables . ',' ID  (127)
	lista_variables : lista_variables . ',' id_compuesta  (128)

	ASIGNACION  shift 67
	','  shift 68
	.  error


state 22
	sentencia_declaracion : declaracion_funcion .  (13)

	.  reduce 13


state 23
	sentencia_ejecucion : asignacion .  (38)

	.  reduce 38


state 24
	sentencia_ejecucion : condicion_if .  (39)

	.  reduce 39


state 25
	sentencia_ejecucion : sentencia_print .  (40)

	.  reduce 40


state 26
	sentencia_ejecucion : sentencia_while .  (41)

	.  reduce 41


state 27
	sentencia_ejecucion : invocacion_funcion . ';'  (42)

	';'  shift 69
	.  error


state 28
	lista_variables : id_compuesta .  (129)

	.  reduce 129


state 29
	prog : ID BEGIN . cuerpo END  (1)
	prog : ID BEGIN . cuerpo  (4)

	IF  shift 4
	OUTF  shift 6
	TYPEDEF  shift 7
	FUN  shift 8
	REPEAT  shift 9
	GOTO  shift 10
	ID  shift 11
	LONGINT  shift 12
	CML  shift 13
	DOUBLE  shift 14
	ETIQUETA  shift 15
	.  error

	cuerpo  goto 70
	sentencia  goto 17
	sentencia_declaracion  goto 18
	sentencia_ejecucion  goto 19
	tipo  goto 20
	lista_variables  goto 21
	declaracion_funcion  goto 22
	asignacion  goto 23
	condicion_if  goto 24
	sentencia_print  goto 25
	sentencia_while  goto 26
	invocacion_funcion  goto 27
	id_compuesta  goto 28


state 30
	prog : ID cuerpo . END  (2)
	prog : ID cuerpo .  (5)
	cuerpo : cuerpo . sentencia  (7)

	IF  shift 4
	END  shift 71
	OUTF  shift 6
	TYPEDEF  shift 7
	FUN  shift 8
	REPEAT  shift 9
	GOTO  shift 10
	ID  shift 11
	LONGINT  shift 12
	CML  shift 13
	DOUBLE  shift 14
	ETIQUETA  shift 15
	$end  reduce 5

	sentencia  goto 63
	sentencia_declaracion  goto 18
	sentencia_ejecucion  goto 19
	tipo  goto 20
	lista_variables  goto 21
	declaracion_funcion  goto 22
	asignacion  goto 23
	condicion_if  goto 24
	sentencia_print  goto 25
	sentencia_while  goto 26
	invocacion_funcion  goto 27
	id_compuesta  goto 28


state 31
	condicion_if : IF THEN . bloque_sentencia_ejecutable END_IF error  (78)

	BEGIN  shift 56
	.  error

	bloque_sentencia_ejecutable  goto 72


state 32
	invocacion_funcion : ID . '(' expresion ')'  (66)
	invocacion_funcion : ID . '(' ')'  (67)
	factor : ID .  (119)
	id_compuesta : ID . '.' ID  (131)

	'.'  shift 61
	'('  shift 62
	error  reduce 119
	THEN  reduce 119
	ID  reduce 119
	LONGINT  reduce 119
	HEXA  reduce 119
	DOUBLE  reduce 119
	DISTINTO  reduce 119
	MENOR_IGUAL  reduce 119
	MAYOR_IGUAL  reduce 119
	'+'  reduce 119
	'-'  reduce 119
	'*'  reduce 119
	'/'  reduce 119
	';'  reduce 119
	']'  reduce 119
	'<'  reduce 119
	'>'  reduce 119
	','  reduce 119
	')'  reduce 119


state 33
	factor : LONGINT .  (121)

	.  reduce 121


state 34
	factor : HEXA .  (123)

	.  reduce 123


state 35
	factor : DOUBLE .  (125)

	.  reduce 125


state 36
	expresion : TOD . '(' expresion ')'  (104)
	expresion : TOD . '(' ')'  (105)

	'('  shift 73
	.  error


state 37
	expresion : '+' . termino  (101)

	ID  shift 32
	LONGINT  shift 33
	HEXA  shift 34
	DOUBLE  shift 35
	'-'  shift 38
	'*'  shift 39
	'/'  shift 40
	.  error

	factor  goto 42
	invocacion_funcion  goto 44
	termino  goto 74
	id_compuesta  goto 47


state 38
	factor : '-' . LONGINT  (122)
	factor : '-' . HEXA  (124)
	factor : '-' . DOUBLE  (126)

	LONGINT  shift 75
	HEXA  shift 76
	DOUBLE  shift 77
	.  error


state 39
	termino : '*' . factor  (116)

	ID  shift 32
	LONGINT  shift 33
	HEXA  shift 34
	DOUBLE  shift 35
	'-'  shift 38
	.  error

	factor  goto 78
	invocacion_funcion  goto 44
	id_compuesta  goto 47


state 40
	termino : '/' . factor  (115)

	ID  shift 32
	LONGINT  shift 33
	HEXA  shift 34
	DOUBLE  shift 35
	'-'  shift 38
	.  error

	factor  goto 79
	invocacion_funcion  goto 44
	id_compuesta  goto 47


state 41
	condicion_if : IF '(' . condicion ')' THEN bloque_sentencia_ejecutable END_IF ';'  (71)
	condicion_if : IF '(' . condicion ')' THEN bloque_sentencia_ejecutable ELSE bloque_sentencia_ejecutable END_IF ';'  (72)
	condicion_if : IF '(' . condicion ')' bloque_sentencia_ejecutable END_IF ';'  (73)
	condicion_if : IF '(' . ')' THEN bloque_sentencia_ejecutable END_IF ';'  (74)
	condicion_if : IF '(' . condicion ')' THEN error END_IF ';'  (75)
	condicion_if : IF '(' . condicion ')' THEN bloque_sentencia_ejecutable ';'  (76)
	condicion_if : IF '(' . condicion ')' THEN bloque_sentencia_ejecutable error  (77)
	condicion_if : IF '(' . condicion ')' THEN bloque_sentencia_ejecutable bloque_sentencia_ejecutable END_IF ';'  (79)
	condicion_if : IF '(' . condicion ')' THEN bloque_sentencia_ejecutable ELSE bloque_sentencia_ejecutable END_IF  (80)
	condicion_if : IF '(' . condicion ')' THEN bloque_sentencia_ejecutable ELSE END_IF ';'  (81)
	condicion_if : IF '(' . condicion ')' THEN ELSE bloque_sentencia_ejecutable END_IF ';'  (82)
	condicion_if : IF '(' . condicion ')' THEN bloque_sentencia_ejecutable ELSE bloque_sentencia_ejecutable ';'  (83)
	condicion_if : IF '(' . condicion THEN bloque_sentencia_ejecutable END_IF ';'  (85)
	condicion_if : IF '(' . condicion THEN bloque_sentencia_ejecutable ELSE bloque_sentencia_ejecutable END_IF ';'  (87)
	condicion_if : IF '(' . condicion ')' THEN sentencia_ejecucion END_IF ';'  (90)
	condicion_if : IF '(' . condicion ')' THEN sentencia_ejecucion ELSE bloque_sentencia_ejecutable END_IF ';'  (91)
	condicion_if : IF '(' . condicion ')' THEN bloque_sentencia_ejecutable ELSE sentencia_ejecucion END_IF ';'  (92)
	condicion_if : IF '(' . condicion ')' THEN sentencia_ejecucion ELSE sentencia_ejecucion END_IF ';'  (93)

	ID  shift 32
	LONGINT  shift 33
	HEXA  shift 34
	DOUBLE  shift 35
	TOD  shift 36
	'+'  shift 37
	'-'  shift 38
	'*'  shift 39
	'/'  shift 40
	')'  shift 80
	.  error

	factor  goto 42
	expresion  goto 43
	invocacion_funcion  goto 44
	condicion  goto 81
	termino  goto 46
	id_compuesta  goto 47


state 42
	termino : factor .  (117)

	.  reduce 117


state 43
	condicion : expresion . comparador expresion  (94)
	condicion : expresion . error expresion  (95)
	expresion : expresion . '+' termino  (97)
	expresion : expresion . '-' termino  (98)
	expresion : expresion . '+' '+' termino  (99)
	expresion : expresion . '-' '+' termino  (100)
	expresion : expresion . '+'  (102)
	expresion : expresion . '-'  (103)

	error  shift 82
	DISTINTO  shift 83
	MENOR_IGUAL  shift 84
	MAYOR_IGUAL  shift 85
	'+'  shift 86
	'-'  shift 87
	'<'  shift 88
	'>'  shift 89
	.  error

	comparador  goto 90


state 44
	factor : invocacion_funcion .  (118)

	.  reduce 118


state 45
	condicion_if : IF condicion . THEN bloque_sentencia_ejecutable END_IF ';'  (84)
	condicion_if : IF condicion . ')' THEN bloque_sentencia_ejecutable END_IF ';'  (86)
	condicion_if : IF condicion . ')' THEN bloque_sentencia_ejecutable ELSE bloque_sentencia_ejecutable END_IF ';'  (88)
	condicion_if : IF condicion . THEN bloque_sentencia_ejecutable ELSE bloque_sentencia_ejecutable END_IF ';'  (89)

	THEN  shift 91
	')'  shift 92
	.  error


state 46
	expresion : termino .  (106)
	termino : termino . '*' factor  (107)
	termino : termino . '/' factor  (108)
	termino : termino . '*' '*' factor  (109)
	termino : termino . '*' '/' factor  (110)
	termino : termino . '/' '/' factor  (111)
	termino : termino . '/' '*' factor  (112)
	termino : termino . '/'  (113)
	termino : termino . '*'  (114)

	'*'  shift 93
	'/'  shift 94
	error  reduce 106
	THEN  reduce 106
	DISTINTO  reduce 106
	MENOR_IGUAL  reduce 106
	MAYOR_IGUAL  reduce 106
	'+'  reduce 106
	'-'  reduce 106
	';'  reduce 106
	'<'  reduce 106
	'>'  reduce 106
	','  reduce 106
	')'  reduce 106


state 47
	factor : id_compuesta .  (120)

	.  reduce 120


state 48
	sentencia_print : OUTF CML . ';'  (61)

	';'  shift 95
	.  error


state 49
	sentencia_print : OUTF '(' . CML ')' ';'  (56)
	sentencia_print : OUTF '(' . expresion ')' ';'  (57)
	sentencia_print : OUTF '(' . ')' ';'  (58)
	sentencia_print : OUTF '(' . expresion ')'  (59)
	sentencia_print : OUTF '(' . CML ')'  (60)
	sentencia_print : OUTF '(' . error ')' ';'  (63)

	error  shift 96
	ID  shift 32
	LONGINT  shift 33
	HEXA  shift 34
	CML  shift 97
	DOUBLE  shift 35
	TOD  shift 36
	'+'  shift 37
	'-'  shift 38
	'*'  shift 39
	'/'  shift 40
	')'  shift 98
	.  error

	factor  goto 42
	expresion  goto 99
	invocacion_funcion  goto 44
	termino  goto 46
	id_compuesta  goto 47


state 50
	sentencia_print : OUTF expresion . ';'  (62)
	expresion : expresion . '+' termino  (97)
	expresion : expresion . '-' termino  (98)
	expresion : expresion . '+' '+' termino  (99)
	expresion : expresion . '-' '+' termino  (100)
	expresion : expresion . '+'  (102)
	expresion : expresion . '-'  (103)

	'+'  shift 86
	'-'  shift 87
	';'  shift 100
	.  error


state 51
	sentencia_declaracion : TYPEDEF ID . ASIGNACION tipo '[' subrango ']' ';'  (14)
	sentencia_declaracion : TYPEDEF ID . ASIGNACION tipo '[' subrango ';'  (15)
	sentencia_declaracion : TYPEDEF ID . ASIGNACION tipo subrango ']' ';'  (16)
	sentencia_declaracion : TYPEDEF ID . ASIGNACION tipo subrango ';'  (17)
	sentencia_declaracion : TYPEDEF ID . ASIGNACION tipo '[' ']' ';'  (18)
	sentencia_declaracion : TYPEDEF ID . ASIGNACION '[' subrango ']' ';'  (20)
	tipo : TYPEDEF ID .  (140)

	ASIGNACION  shift 101
	FUN  reduce 140
	ID  reduce 140


state 52
	sentencia_declaracion : TYPEDEF STRUCT . '<' lista_tipos '>' '(' lista_variables ',' ')' ID ';'  (21)
	sentencia_declaracion : TYPEDEF STRUCT . lista_tipos '(' lista_variables ',' ')' ID ';'  (22)
	sentencia_declaracion : TYPEDEF STRUCT . '<' lista_tipos '>' '(' lista_variables ',' ')' ';'  (24)

	TYPEDEF  shift 102
	ID  shift 103
	LONGINT  shift 12
	DOUBLE  shift 14
	'<'  shift 104
	.  error

	tipo  goto 105
	lista_tipos  goto 106


state 53
	sentencia_declaracion : TYPEDEF ASIGNACION . tipo '[' subrango ']' ';'  (19)

	TYPEDEF  shift 102
	ID  shift 103
	LONGINT  shift 12
	DOUBLE  shift 14
	.  error

	tipo  goto 107


state 54
	sentencia_declaracion : TYPEDEF '<' . lista_tipos '>' '(' lista_variables ',' ')' ID ';'  (23)

	TYPEDEF  shift 102
	ID  shift 103
	LONGINT  shift 12
	DOUBLE  shift 14
	.  error

	tipo  goto 105
	lista_tipos  goto 108


state 55
	declaracion_funcion : FUN ID . '(' parametro ')' BEGIN cuerpo RET '(' expresion ')' ';' END  (29)

	'('  shift 109
	.  error


state 56
	bloque_sentencia_ejecutable : BEGIN . lista_sentencias END  (68)

	IF  shift 4
	OUTF  shift 6
	REPEAT  shift 9
	GOTO  shift 10
	ID  shift 110
	CML  shift 13
	ETIQUETA  shift 15
	.  error

	sentencia_ejecucion  goto 111
	lista_variables  goto 21
	asignacion  goto 23
	condicion_if  goto 24
	sentencia_print  goto 25
	sentencia_while  goto 26
	invocacion_funcion  goto 27
	lista_sentencias  goto 112
	id_compuesta  goto 28


state 57
	sentencia_while : REPEAT WHILE . '(' condicion ')' ';'  (55)

	'('  shift 113
	.  error


state 58
	sentencia_while : REPEAT bloque_sentencia_ejecutable . WHILE '(' condicion ')' ';'  (48)
	sentencia_while : REPEAT bloque_sentencia_ejecutable . '(' condicion ')' ';'  (49)
	sentencia_while : REPEAT bloque_sentencia_ejecutable . WHILE '(' condicion ')'  (50)
	sentencia_while : REPEAT bloque_sentencia_ejecutable . WHILE '(' ')' ';'  (51)
	sentencia_while : REPEAT bloque_sentencia_ejecutable . WHILE condicion ')' ';'  (52)
	sentencia_while : REPEAT bloque_sentencia_ejecutable . WHILE '(' condicion ';'  (53)
	sentencia_while : REPEAT bloque_sentencia_ejecutable . WHILE condicion ';'  (54)

	WHILE  shift 114
	'('  shift 115
	.  error


state 59
	sentencia_ejecucion : GOTO ETIQUETA . ';'  (43)
	sentencia_ejecucion : GOTO ETIQUETA .  (44)

	';'  shift 116
	$end  reduce 44
	error  reduce 44
	IF  reduce 44
	ELSE  reduce 44
	END  reduce 44
	END_IF  reduce 44
	OUTF  reduce 44
	TYPEDEF  reduce 44
	FUN  reduce 44
	RET  reduce 44
	REPEAT  reduce 44
	GOTO  reduce 44
	ID  reduce 44
	LONGINT  reduce 44
	CML  reduce 44
	DOUBLE  reduce 44
	ETIQUETA  reduce 44


state 60
	sentencia_ejecucion : GOTO ';' .  (45)

	.  reduce 45


state 61
	id_compuesta : ID '.' . ID  (131)

	ID  shift 117
	.  error


state 62
	invocacion_funcion : ID '(' . expresion ')'  (66)
	invocacion_funcion : ID '(' . ')'  (67)

	ID  shift 32
	LONGINT  shift 33
	HEXA  shift 34
	DOUBLE  shift 35
	TOD  shift 36
	'+'  shift 37
	'-'  shift 38
	'*'  shift 39
	'/'  shift 40
	')'  shift 118
	.  error

	factor  goto 42
	expresion  goto 119
	invocacion_funcion  goto 44
	termino  goto 46
	id_compuesta  goto 47


state 63
	cuerpo : cuerpo sentencia .  (7)

	.  reduce 7


state 64
	declaracion_funcion : tipo FUN . ID '(' parametro ')' BEGIN cuerpo RET '(' expresion ')' ';' END  (27)
	declaracion_funcion : tipo FUN . ID '(' parametro ')' BEGIN cuerpo END  (28)
	declaracion_funcion : tipo FUN . '(' parametro ')' BEGIN cuerpo RET '(' expresion ')' ';' END  (31)
	declaracion_funcion : tipo FUN . ID parametro BEGIN cuerpo RET '(' expresion ')' ';' END  (32)
	declaracion_funcion : tipo FUN . ID '(' parametro ')' BEGIN cuerpo RET expresion ';' END  (33)
	declaracion_funcion : tipo FUN . ID '(' ')' BEGIN cuerpo RET '(' expresion ')' ';' END  (34)
	declaracion_funcion : tipo FUN . ID '(' parametro ')' cuerpo RET '(' expresion ')' ';' END  (35)
	declaracion_funcion : tipo FUN . ID '(' parametro ')' BEGIN cuerpo error  (36)
	declaracion_funcion : tipo FUN . ID '(' parametro ')' BEGIN END  (37)

	ID  shift 120
	'('  shift 121
	.  error


state 65
	declaracion_funcion : tipo ID . '(' parametro ')' BEGIN cuerpo RET '(' expresion ')' ';' END  (30)
	lista_variables : ID .  (130)
	id_compuesta : ID . '.' ID  (131)

	'.'  shift 61
	'('  shift 122
	$end  reduce 130
	error  reduce 130
	IF  reduce 130
	END  reduce 130
	OUTF  reduce 130
	TYPEDEF  reduce 130
	FUN  reduce 130
	RET  reduce 130
	REPEAT  reduce 130
	GOTO  reduce 130
	ID  reduce 130
	LONGINT  reduce 130
	CML  reduce 130
	DOUBLE  reduce 130
	ETIQUETA  reduce 130
	';'  reduce 130
	','  reduce 130


state 66
	sentencia_declaracion : tipo lista_variables . ';'  (11)
	sentencia_declaracion : tipo lista_variables .  (12)
	lista_variables : lista_variables . ',' ID  (127)
	lista_variables : lista_variables . ',' id_compuesta  (128)

	';'  shift 123
	','  shift 68
	$end  reduce 12
	error  reduce 12
	IF  reduce 12
	END  reduce 12
	OUTF  reduce 12
	TYPEDEF  reduce 12
	FUN  reduce 12
	RET  reduce 12
	REPEAT  reduce 12
	GOTO  reduce 12
	ID  reduce 12
	LONGINT  reduce 12
	CML  reduce 12
	DOUBLE  reduce 12
	ETIQUETA  reduce 12


state 67
	asignacion : lista_variables ASIGNACION . lista_expresiones ';'  (96)

	ID  shift 32
	LONGINT  shift 33
	HEXA  shift 34
	DOUBLE  shift 35
	TOD  shift 36
	'+'  shift 37
	'-'  shift 38
	'*'  shift 39
	'/'  shift 40
	.  error

	factor  goto 42
	expresion  goto 124
	invocacion_funcion  goto 44
	lista_expresiones  goto 125
	termino  goto 46
	id_compuesta  goto 47


state 68
	lista_variables : lista_variables ',' . ID  (127)
	lista_variables : lista_variables ',' . id_compuesta  (128)

	ID  shift 126
	.  error

	id_compuesta  goto 127


state 69
	sentencia_ejecucion : invocacion_funcion ';' .  (42)

	.  reduce 42


state 70
	prog : ID BEGIN cuerpo . END  (1)
	prog : ID BEGIN cuerpo .  (4)
	cuerpo : cuerpo . sentencia  (7)

	IF  shift 4
	END  shift 128
	OUTF  shift 6
	TYPEDEF  shift 7
	FUN  shift 8
	REPEAT  shift 9
	GOTO  shift 10
	ID  shift 11
	LONGINT  shift 12
	CML  shift 13
	DOUBLE  shift 14
	ETIQUETA  shift 15
	$end  reduce 4

	sentencia  goto 63
	sentencia_declaracion  goto 18
	sentencia_ejecucion  goto 19
	tipo  goto 20
	lista_variables  goto 21
	declaracion_funcion  goto 22
	asignacion  goto 23
	condicion_if  goto 24
	sentencia_print  goto 25
	sentencia_while  goto 26
	invocacion_funcion  goto 27
	id_compuesta  goto 28


state 71
	prog : ID cuerpo END .  (2)

	.  reduce 2


state 72
	condicion_if : IF THEN bloque_sentencia_ejecutable . END_IF error  (78)

	END_IF  shift 129
	.  error


state 73
	expresion : TOD '(' . expresion ')'  (104)
	expresion : TOD '(' . ')'  (105)

	ID  shift 32
	LONGINT  shift 33
	HEXA  shift 34
	DOUBLE  shift 35
	TOD  shift 36
	'+'  shift 37
	'-'  shift 38
	'*'  shift 39
	'/'  shift 40
	')'  shift 130
	.  error

	factor  goto 42
	expresion  goto 131
	invocacion_funcion  goto 44
	termino  goto 46
	id_compuesta  goto 47


state 74
	expresion : '+' termino .  (101)
	termino : termino . '*' factor  (107)
	termino : termino . '/' factor  (108)
	termino : termino . '*' '*' factor  (109)
	termino : termino . '*' '/' factor  (110)
	termino : termino . '/' '/' factor  (111)
	termino : termino . '/' '*' factor  (112)
	termino : termino . '/'  (113)
	termino : termino . '*'  (114)

	'*'  shift 93
	'/'  shift 94
	error  reduce 101
	THEN  reduce 101
	DISTINTO  reduce 101
	MENOR_IGUAL  reduce 101
	MAYOR_IGUAL  reduce 101
	'+'  reduce 101
	'-'  reduce 101
	';'  reduce 101
	'<'  reduce 101
	'>'  reduce 101
	','  reduce 101
	')'  reduce 101


state 75
	factor : '-' LONGINT .  (122)

	.  reduce 122


state 76
	factor : '-' HEXA .  (124)

	.  reduce 124


state 77
	factor : '-' DOUBLE .  (126)

	.  reduce 126


state 78
	termino : '*' factor .  (116)

	.  reduce 116


state 79
	termino : '/' factor .  (115)

	.  reduce 115


state 80
	condicion_if : IF '(' ')' . THEN bloque_sentencia_ejecutable END_IF ';'  (74)

	THEN  shift 132
	.  error


state 81
	condicion_if : IF '(' condicion . ')' THEN bloque_sentencia_ejecutable END_IF ';'  (71)
	condicion_if : IF '(' condicion . ')' THEN bloque_sentencia_ejecutable ELSE bloque_sentencia_ejecutable END_IF ';'  (72)
	condicion_if : IF '(' condicion . ')' bloque_sentencia_ejecutable END_IF ';'  (73)
	condicion_if : IF '(' condicion . ')' THEN error END_IF ';'  (75)
	condicion_if : IF '(' condicion . ')' THEN bloque_sentencia_ejecutable ';'  (76)
	condicion_if : IF '(' condicion . ')' THEN bloque_sentencia_ejecutable error  (77)
	condicion_if : IF '(' condicion . ')' THEN bloque_sentencia_ejecutable bloque_sentencia_ejecutable END_IF ';'  (79)
	condicion_if : IF '(' condicion . ')' THEN bloque_sentencia_ejecutable ELSE bloque_sentencia_ejecutable END_IF  (80)
	condicion_if : IF '(' condicion . ')' THEN bloque_sentencia_ejecutable ELSE END_IF ';'  (81)
	condicion_if : IF '(' condicion . ')' THEN ELSE bloque_sentencia_ejecutable END_IF ';'  (82)
	condicion_if : IF '(' condicion . ')' THEN bloque_sentencia_ejecutable ELSE bloque_sentencia_ejecutable ';'  (83)
	condicion_if : IF '(' condicion . THEN bloque_sentencia_ejecutable END_IF ';'  (85)
	condicion_if : IF '(' condicion . THEN bloque_sentencia_ejecutable ELSE bloque_sentencia_ejecutable END_IF ';'  (87)
	condicion_if : IF '(' condicion . ')' THEN sentencia_ejecucion END_IF ';'  (90)
	condicion_if : IF '(' condicion . ')' THEN sentencia_ejecucion ELSE bloque_sentencia_ejecutable END_IF ';'  (91)
	condicion_if : IF '(' condicion . ')' THEN bloque_sentencia_ejecutable ELSE sentencia_ejecucion END_IF ';'  (92)
	condicion_if : IF '(' condicion . ')' THEN sentencia_ejecucion ELSE sentencia_ejecucion END_IF ';'  (93)

	THEN  shift 133
	')'  shift 134
	.  error


state 82
	condicion : expresion error . expresion  (95)

	ID  shift 32
	LONGINT  shift 33
	HEXA  shift 34
	DOUBLE  shift 35
	TOD  shift 36
	'+'  shift 37
	'-'  shift 38
	'*'  shift 39
	'/'  shift 40
	.  error

	factor  goto 42
	expresion  goto 135
	invocacion_funcion  goto 44
	termino  goto 46
	id_compuesta  goto 47


state 83
	comparador : DISTINTO .  (145)

	.  reduce 145


state 84
	comparador : MENOR_IGUAL .  (144)

	.  reduce 144


state 85
	comparador : MAYOR_IGUAL .  (143)

	.  reduce 143


state 86
	expresion : expresion '+' . termino  (97)
	expresion : expresion '+' . '+' termino  (99)
	expresion : expresion '+' .  (102)

	ID  shift 32
	LONGINT  shift 33
	HEXA  shift 34
	DOUBLE  shift 35
	'*'  shift 39
	'/'  shift 40
	error  reduce 102
	THEN  reduce 102
	DISTINTO  reduce 102
	MENOR_IGUAL  reduce 102
	MAYOR_IGUAL  reduce 102
	'+'  reduce 102
	'-'  reduce 102
	';'  reduce 102
	'<'  reduce 102
	'>'  reduce 102
	','  reduce 102
	')'  reduce 102

	factor  goto 42
	invocacion_funcion  goto 44
	termino  goto 137
	id_compuesta  goto 47


state 87
	expresion : expresion '-' . termino  (98)
	expresion : expresion '-' . '+' termino  (100)
	expresion : expresion '-' .  (103)

	ID  shift 32
	LONGINT  shift 33
	HEXA  shift 34
	DOUBLE  shift 35
	'*'  shift 39
	'/'  shift 40
	error  reduce 103
	THEN  reduce 103
	DISTINTO  reduce 103
	MENOR_IGUAL  reduce 103
	MAYOR_IGUAL  reduce 103
	'+'  reduce 103
	'-'  reduce 103
	';'  reduce 103
	'<'  reduce 103
	'>'  reduce 103
	','  reduce 103
	')'  reduce 103

	factor  goto 42
	invocacion_funcion  goto 44
	termino  goto 139
	id_compuesta  goto 47


state 88
	comparador : '<' .  (141)

	.  reduce 141


state 89
	comparador : '>' .  (142)

	.  reduce 142


state 90
	condicion : expresion comparador . expresion  (94)

	ID  shift 32
	LONGINT  shift 33
	HEXA  shift 34
	DOUBLE  shift 35
	TOD  shift 36
	'+'  shift 37
	'-'  shift 38
	'*'  shift 39
	'/'  shift 40
	.  error

	factor  goto 42
	expresion  goto 140
	invocacion_funcion  goto 44
	termino  goto 46
	id_compuesta  goto 47


state 91
	condicion_if : IF condicion THEN . bloque_sentencia_ejecutable END_IF ';'  (84)
	condicion_if : IF condicion THEN . bloque_sentencia_ejecutable ELSE bloque_sentencia_ejecutable END_IF ';'  (89)

	BEGIN  shift 56
	.  error

	bloque_sentencia_ejecutable  goto 141


state 92
	condicion_if : IF condicion ')' . THEN bloque_sentencia_ejecutable END_IF ';'  (86)
	condicion_if : IF condicion ')' . THEN bloque_sentencia_ejecutable ELSE bloque_sentencia_ejecutable END_IF ';'  (88)

	THEN  shift 142
	.  error


state 93
	termino : termino '*' . factor  (107)
	termino : termino '*' . '*' factor  (109)
	termino : termino '*' . '/' factor  (110)
	termino : termino '*' .  (114)

	ID  shift 32
	LONGINT  shift 33
	HEXA  shift 34
	DOUBLE  shift 35
	error  reduce 114
	THEN  reduce 114
	DISTINTO  reduce 114
	MENOR_IGUAL  reduce 114
	MAYOR_IGUAL  reduce 114
	'+'  reduce 114
	'-'  reduce 114
	'*'  reduce 114
	'/'  reduce 114
	';'  reduce 114
	'<'  reduce 114
	'>'  reduce 114
	','  reduce 114
	')'  reduce 114

	factor  goto 145
	invocacion_funcion  goto 44
	id_compuesta  goto 47


state 94
	termino : termino '/' . factor  (108)
	termino : termino '/' . '/' factor  (111)
	termino : termino '/' . '*' factor  (112)
	termino : termino '/' .  (113)

	ID  shift 32
	LONGINT  shift 33
	HEXA  shift 34
	DOUBLE  shift 35
	error  reduce 113
	THEN  reduce 113
	DISTINTO  reduce 113
	MENOR_IGUAL  reduce 113
	MAYOR_IGUAL  reduce 113
	'+'  reduce 113
	'-'  reduce 113
	'*'  reduce 113
	'/'  reduce 113
	';'  reduce 113
	'<'  reduce 113
	'>'  reduce 113
	','  reduce 113
	')'  reduce 113

	factor  goto 148
	invocacion_funcion  goto 44
	id_compuesta  goto 47


state 95
	sentencia_print : OUTF CML ';' .  (61)

	.  reduce 61


state 96
	sentencia_print : OUTF '(' error . ')' ';'  (63)

	')'  shift 149
	.  error


state 97
	sentencia_print : OUTF '(' CML . ')' ';'  (56)
	sentencia_print : OUTF '(' CML . ')'  (60)

	')'  shift 150
	.  error


state 98
	sentencia_print : OUTF '(' ')' . ';'  (58)

	';'  shift 151
	.  error


state 99
	sentencia_print : OUTF '(' expresion . ')' ';'  (57)
	sentencia_print : OUTF '(' expresion . ')'  (59)
	expresion : expresion . '+' termino  (97)
	expresion : expresion . '-' termino  (98)
	expresion : expresion . '+' '+' termino  (99)
	expresion : expresion . '-' '+' termino  (100)
	expresion : expresion . '+'  (102)
	expresion : expresion . '-'  (103)

	'+'  shift 86
	'-'  shift 87
	')'  shift 152
	.  error


state 100
	sentencia_print : OUTF expresion ';' .  (62)

	.  reduce 62


state 101
	sentencia_declaracion : TYPEDEF ID ASIGNACION . tipo '[' subrango ']' ';'  (14)
	sentencia_declaracion : TYPEDEF ID ASIGNACION . tipo '[' subrango ';'  (15)
	sentencia_declaracion : TYPEDEF ID ASIGNACION . tipo subrango ']' ';'  (16)
	sentencia_declaracion : TYPEDEF ID ASIGNACION . tipo subrango ';'  (17)
	sentencia_declaracion : TYPEDEF ID ASIGNACION . tipo '[' ']' ';'  (18)
	sentencia_declaracion : TYPEDEF ID ASIGNACION . '[' subrango ']' ';'  (20)

	TYPEDEF  shift 102
	ID  shift 103
	LONGINT  shift 12
	DOUBLE  shift 14
	'['  shift 153
	.  error

	tipo  goto 154


state 102
	tipo : TYPEDEF . ID  (140)

	ID  shift 155
	.  error


state 103
	tipo : ID .  (139)

	.  reduce 139


state 104
	sentencia_declaracion : TYPEDEF STRUCT '<' . lista_tipos '>' '(' lista_variables ',' ')' ID ';'  (21)
	sentencia_declaracion : TYPEDEF STRUCT '<' . lista_tipos '>' '(' lista_variables ',' ')' ';'  (24)

	TYPEDEF  shift 102
	ID  shift 103
	LONGINT  shift 12
	DOUBLE  shift 14
	.  error

	tipo  goto 105
	lista_tipos  goto 156


state 105
	lista_tipos : tipo .  (136)

	.  reduce 136


state 106
	sentencia_declaracion : TYPEDEF STRUCT lista_tipos . '(' lista_variables ',' ')' ID ';'  (22)
	lista_tipos : lista_tipos . ',' tipo  (134)
	lista_tipos : lista_tipos . tipo  (135)

	TYPEDEF  shift 102
	ID  shift 103
	LONGINT  shift 12
	DOUBLE  shift 14
	'('  shift 157
	','  shift 158
	.  error

	tipo  goto 159


state 107
	sentencia_declaracion : TYPEDEF ASIGNACION tipo . '[' subrango ']' ';'  (19)

	'['  shift 160
	.  error


state 108
	sentencia_declaracion : TYPEDEF '<' lista_tipos . '>' '(' lista_variables ',' ')' ID ';'  (23)
	lista_tipos : lista_tipos . ',' tipo  (134)
	lista_tipos : lista_tipos . tipo  (135)

	TYPEDEF  shift 102
	ID  shift 103
	LONGINT  shift 12
	DOUBLE  shift 14
	'>'  shift 161
	','  shift 158
	.  error

	tipo  goto 159


state 109
	declaracion_funcion : FUN ID '(' . parametro ')' BEGIN cuerpo RET '(' expresion ')' ';' END  (29)

	TYPEDEF  shift 102
	ID  shift 103
	LONGINT  shift 12
	DOUBLE  shift 14
	.  error

	tipo  goto 162
	parametro  goto 163


state 110
	invocacion_funcion : ID . '(' expresion ')'  (66)
	invocacion_funcion : ID . '(' ')'  (67)
	lista_variables : ID .  (130)
	id_compuesta : ID . '.' ID  (131)

	'.'  shift 61
	'('  shift 62
	ASIGNACION  reduce 130
	','  reduce 130


state 111
	lista_sentencias : sentencia_ejecucion .  (70)

	.  reduce 70


state 112
	bloque_sentencia_ejecutable : BEGIN lista_sentencias . END  (68)
	lista_sentencias : lista_sentencias . sentencia_ejecucion  (69)

	IF  shift 4
	END  shift 164
	OUTF  shift 6
	REPEAT  shift 9
	GOTO  shift 10
	ID  shift 110
	CML  shift 13
	ETIQUETA  shift 15
	.  error

	sentencia_ejecucion  goto 165
	lista_variables  goto 21
	asignacion  goto 23
	condicion_if  goto 24
	sentencia_print  goto 25
	sentencia_while  goto 26
	invocacion_funcion  goto 27
	id_compuesta  goto 28


state 113
	sentencia_while : REPEAT WHILE '(' . condicion ')' ';'  (55)

	ID  shift 32
	LONGINT  shift 33
	HEXA  shift 34
	DOUBLE  shift 35
	TOD  shift 36
	'+'  shift 37
	'-'  shift 38
	'*'  shift 39
	'/'  shift 40
	.  error

	factor  goto 42
	expresion  goto 43
	invocacion_funcion  goto 44
	condicion  goto 166
	termino  goto 46
	id_compuesta  goto 47


state 114
	sentencia_while : REPEAT bloque_sentencia_ejecutable WHILE . '(' condicion ')' ';'  (48)
	sentencia_while : REPEAT bloque_sentencia_ejecutable WHILE . '(' condicion ')'  (50)
	sentencia_while : REPEAT bloque_sentencia_ejecutable WHILE . '(' ')' ';'  (51)
	sentencia_while : REPEAT bloque_sentencia_ejecutable WHILE . condicion ')' ';'  (52)
	sentencia_while : REPEAT bloque_sentencia_ejecutable WHILE . '(' condicion ';'  (53)
	sentencia_while : REPEAT bloque_sentencia_ejecutable WHILE . condicion ';'  (54)

	ID  shift 32
	LONGINT  shift 33
	HEXA  shift 34
	DOUBLE  shift 35
	TOD  shift 36
	'+'  shift 37
	'-'  shift 38
	'*'  shift 39
	'/'  shift 40
	'('  shift 167
	.  error

	factor  goto 42
	expresion  goto 43
	invocacion_funcion  goto 44
	condicion  goto 168
	termino  goto 46
	id_compuesta  goto 47


state 115
	sentencia_while : REPEAT bloque_sentencia_ejecutable '(' . condicion ')' ';'  (49)

	ID  shift 32
	LONGINT  shift 33
	HEXA  shift 34
	DOUBLE  shift 35
	TOD  shift 36
	'+'  shift 37
	'-'  shift 38
	'*'  shift 39
	'/'  shift 40
	.  error

	factor  goto 42
	expresion  goto 43
	invocacion_funcion  goto 44
	condicion  goto 169
	termino  goto 46
	id_compuesta  goto 47


state 116
	sentencia_ejecucion : GOTO ETIQUETA ';' .  (43)

	.  reduce 43


state 117
	id_compuesta : ID '.' ID .  (131)

	.  reduce 131


state 118
	invocacion_funcion : ID '(' ')' .  (67)

	.  reduce 67


state 119
	invocacion_funcion : ID '(' expresion . ')'  (66)
	expresion : expresion . '+' termino  (97)
	expresion : expresion . '-' termino  (98)
	expresion : expresion . '+' '+' termino  (99)
	expresion : expresion . '-' '+' termino  (100)
	expresion : expresion . '+'  (102)
	expresion : expresion . '-'  (103)

	'+'  shift 86
	'-'  shift 87
	')'  shift 170
	.  error


state 120
	declaracion_funcion : tipo FUN ID . '(' parametro ')' BEGIN cuerpo RET '(' expresion ')' ';' END  (27)
	declaracion_funcion : tipo FUN ID . '(' parametro ')' BEGIN cuerpo END  (28)
	declaracion_funcion : tipo FUN ID . parametro BEGIN cuerpo RET '(' expresion ')' ';' END  (32)
	declaracion_funcion : tipo FUN ID . '(' parametro ')' BEGIN cuerpo RET expresion ';' END  (33)
	declaracion_funcion : tipo FUN ID . '(' ')' BEGIN cuerpo RET '(' expresion ')' ';' END  (34)
	declaracion_funcion : tipo FUN ID . '(' parametro ')' cuerpo RET '(' expresion ')' ';' END  (35)
	declaracion_funcion : tipo FUN ID . '(' parametro ')' BEGIN cuerpo error  (36)
	declaracion_funcion : tipo FUN ID . '(' parametro ')' BEGIN END  (37)

	TYPEDEF  shift 102
	ID  shift 103
	LONGINT  shift 12
	DOUBLE  shift 14
	'('  shift 171
	.  error

	tipo  goto 162
	parametro  goto 172


state 121
	declaracion_funcion : tipo FUN '(' . parametro ')' BEGIN cuerpo RET '(' expresion ')' ';' END  (31)

	TYPEDEF  shift 102
	ID  shift 103
	LONGINT  shift 12
	DOUBLE  shift 14
	.  error

	tipo  goto 162
	parametro  goto 173


state 122
	declaracion_funcion : tipo ID '(' . parametro ')' BEGIN cuerpo RET '(' expresion ')' ';' END  (30)

	TYPEDEF  shift 102
	ID  shift 103
	LONGINT  shift 12
	DOUBLE  shift 14
	.  error

	tipo  goto 162
	parametro  goto 174


state 123
	sentencia_declaracion : tipo lista_variables ';' .  (11)

	.  reduce 11


state 124
	expresion : expresion . '+' termino  (97)
	expresion : expresion . '-' termino  (98)
	expresion : expresion . '+' '+' termino  (99)
	expresion : expresion . '-' '+' termino  (100)
	expresion : expresion . '+'  (102)
	expresion : expresion . '-'  (103)
	lista_expresiones : expresion .  (133)

	'+'  shift 86
	'-'  shift 87
	';'  reduce 133
	','  reduce 133


state 125
	asignacion : lista_variables ASIGNACION lista_expresiones . ';'  (96)
	lista_expresiones : lista_expresiones . ',' expresion  (132)

	';'  shift 175
	','  shift 176
	.  error


state 126
	lista_variables : lista_variables ',' ID .  (127)
	id_compuesta : ID . '.' ID  (131)

	'.'  shift 61
	$end  reduce 127
	error  reduce 127
	IF  reduce 127
	END  reduce 127
	OUTF  reduce 127
	TYPEDEF  reduce 127
	FUN  reduce 127
	RET  reduce 127
	REPEAT  reduce 127
	GOTO  reduce 127
	ID  reduce 127
	LONGINT  reduce 127
	CML  reduce 127
	DOUBLE  reduce 127
	ASIGNACION  reduce 127
	ETIQUETA  reduce 127
	';'  reduce 127
	','  reduce 127


state 127
	lista_variables : lista_variables ',' id_compuesta .  (128)

	.  reduce 128


state 128
	prog : ID BEGIN cuerpo END .  (1)

	.  reduce 1


state 129
	condicion_if : IF THEN bloque_sentencia_ejecutable END_IF . error  (78)

	error  shift 177
	.  error


state 130
	expresion : TOD '(' ')' .  (105)

	.  reduce 105


state 131
	expresion : expresion . '+' termino  (97)
	expresion : expresion . '-' termino  (98)
	expresion : expresion . '+' '+' termino  (99)
	expresion : expresion . '-' '+' termino  (100)
	expresion : expresion . '+'  (102)
	expresion : expresion . '-'  (103)
	expresion : TOD '(' expresion . ')'  (104)

	'+'  shift 86
	'-'  shift 87
	')'  shift 178
	.  error


state 132
	condicion_if : IF '(' ')' THEN . bloque_sentencia_ejecutable END_IF ';'  (74)

	BEGIN  shift 56
	.  error

	bloque_sentencia_ejecutable  goto 179


state 133
	condicion_if : IF '(' condicion THEN . bloque_sentencia_ejecutable END_IF ';'  (85)
	condicion_if : IF '(' condicion THEN . bloque_sentencia_ejecutable ELSE bloque_sentencia_ejecutable END_IF ';'  (87)

	BEGIN  shift 56
	.  error

	bloque_sentencia_ejecutable  goto 180


state 134
	condicion_if : IF '(' condicion ')' . THEN bloque_sentencia_ejecutable END_IF ';'  (71)
	condicion_if : IF '(' condicion ')' . THEN bloque_sentencia_ejecutable ELSE bloque_sentencia_ejecutable END_IF ';'  (72)
	condicion_if : IF '(' condicion ')' . bloque_sentencia_ejecutable END_IF ';'  (73)
	condicion_if : IF '(' condicion ')' . THEN error END_IF ';'  (75)
	condicion_if : IF '(' condicion ')' . THEN bloque_sentencia_ejecutable ';'  (76)
	condicion_if : IF '(' condicion ')' . THEN bloque_sentencia_ejecutable error  (77)
	condicion_if : IF '(' condicion ')' . THEN bloque_sentencia_ejecutable bloque_sentencia_ejecutable END_IF ';'  (79)
	condicion_if : IF '(' condicion ')' . THEN bloque_sentencia_ejecutable ELSE bloque_sentencia_ejecutable END_IF  (80)
	condicion_if : IF '(' condicion ')' . THEN bloque_sentencia_ejecutable ELSE END_IF ';'  (81)
	condicion_if : IF '(' condicion ')' . THEN ELSE bloque_sentencia_ejecutable END_IF ';'  (82)
	condicion_if : IF '(' condicion ')' . THEN bloque_sentencia_ejecutable ELSE bloque_sentencia_ejecutable ';'  (83)
	condicion_if : IF '(' condicion ')' . THEN sentencia_ejecucion END_IF ';'  (90)
	condicion_if : IF '(' condicion ')' . THEN sentencia_ejecucion ELSE bloque_sentencia_ejecutable END_IF ';'  (91)
	condicion_if : IF '(' condicion ')' . THEN bloque_sentencia_ejecutable ELSE sentencia_ejecucion END_IF ';'  (92)
	condicion_if : IF '(' condicion ')' . THEN sentencia_ejecucion ELSE sentencia_ejecucion END_IF ';'  (93)

	THEN  shift 181
	BEGIN  shift 56
	.  error

	bloque_sentencia_ejecutable  goto 182


state 135
	condicion : expresion error expresion .  (95)
	expresion : expresion . '+' termino  (97)
	expresion : expresion . '-' termino  (98)
	expresion : expresion . '+' '+' termino  (99)
	expresion : expresion . '-' '+' termino  (100)
	expresion : expresion . '+'  (102)
	expresion : expresion . '-'  (103)

	'+'  shift 86
	'-'  shift 87
	THEN  reduce 95
	';'  reduce 95
	')'  reduce 95


state 136
	expresion : expresion '+' '+' . termino  (99)

	ID  shift 32
	LONGINT  shift 33
	HEXA  shift 34
	DOUBLE  shift 35
	'-'  shift 38
	'*'  shift 39
	'/'  shift 40
	.  error

	factor  goto 42
	invocacion_funcion  goto 44
	termino  goto 183
	id_compuesta  goto 47


state 137
	expresion : expresion '+' termino .  (97)
	termino : termino . '*' factor  (107)
	termino : termino . '/' factor  (108)
	termino : termino . '*' '*' factor  (109)
	termino : termino . '*' '/' factor  (110)
	termino : termino . '/' '/' factor  (111)
	termino : termino . '/' '*' factor  (112)
	termino : termino . '/'  (113)
	termino : termino . '*'  (114)

	'*'  shift 93
	'/'  shift 94
	error  reduce 97
	THEN  reduce 97
	DISTINTO  reduce 97
	MENOR_IGUAL  reduce 97
	MAYOR_IGUAL  reduce 97
	'+'  reduce 97
	'-'  reduce 97
	';'  reduce 97
	'<'  reduce 97
	'>'  reduce 97
	','  reduce 97
	')'  reduce 97


state 138
	expresion : expresion '-' '+' . termino  (100)

	ID  shift 32
	LONGINT  shift 33
	HEXA  shift 34
	DOUBLE  shift 35
	'-'  shift 38
	'*'  shift 39
	'/'  shift 40
	.  error

	factor  goto 42
	invocacion_funcion  goto 44
	termino  goto 184
	id_compuesta  goto 47


state 139
	expresion : expresion '-' termino .  (98)
	termino : termino . '*' factor  (107)
	termino : termino . '/' factor  (108)
	termino : termino . '*' '*' factor  (109)
	termino : termino . '*' '/' factor  (110)
	termino : termino . '/' '/' factor  (111)
	termino : termino . '/' '*' factor  (112)
	termino : termino . '/'  (113)
	termino : termino . '*'  (114)

	'*'  shift 93
	'/'  shift 94
	error  reduce 98
	THEN  reduce 98
	DISTINTO  reduce 98
	MENOR_IGUAL  reduce 98
	MAYOR_IGUAL  reduce 98
	'+'  reduce 98
	'-'  reduce 98
	';'  reduce 98
	'<'  reduce 98
	'>'  reduce 98
	','  reduce 98
	')'  reduce 98


state 140
	condicion : expresion comparador expresion .  (94)
	expresion : expresion . '+' termino  (97)
	expresion : expresion . '-' termino  (98)
	expresion : expresion . '+' '+' termino  (99)
	expresion : expresion . '-' '+' termino  (100)
	expresion : expresion . '+'  (102)
	expresion : expresion . '-'  (103)

	'+'  shift 86
	'-'  shift 87
	THEN  reduce 94
	';'  reduce 94
	')'  reduce 94


state 141
	condicion_if : IF condicion THEN bloque_sentencia_ejecutable . END_IF ';'  (84)
	condicion_if : IF condicion THEN bloque_sentencia_ejecutable . ELSE bloque_sentencia_ejecutable END_IF ';'  (89)

	ELSE  shift 185
	END_IF  shift 186
	.  error


state 142
	condicion_if : IF condicion ')' THEN . bloque_sentencia_ejecutable END_IF ';'  (86)
	condicion_if : IF condicion ')' THEN . bloque_sentencia_ejecutable ELSE bloque_sentencia_ejecutable END_IF ';'  (88)

	BEGIN  shift 56
	.  error

	bloque_sentencia_ejecutable  goto 187


state 143
	termino : termino '*' '*' . factor  (109)

	ID  shift 32
	LONGINT  shift 33
	HEXA  shift 34
	DOUBLE  shift 35
	'-'  shift 38
	.  error

	factor  goto 188
	invocacion_funcion  goto 44
	id_compuesta  goto 47


state 144
	termino : termino '*' '/' . factor  (110)

	ID  shift 32
	LONGINT  shift 33
	HEXA  shift 34
	DOUBLE  shift 35
	'-'  shift 38
	.  error

	factor  goto 189
	invocacion_funcion  goto 44
	id_compuesta  goto 47


state 145
	termino : termino '*' factor .  (107)

	.  reduce 107


state 146
	termino : termino '/' '*' . factor  (112)

	ID  shift 32
	LONGINT  shift 33
	HEXA  shift 34
	DOUBLE  shift 35
	'-'  shift 38
	.  error

	factor  goto 190
	invocacion_funcion  goto 44
	id_compuesta  goto 47


state 147
	termino : termino '/' '/' . factor  (111)

	ID  shift 32
	LONGINT  shift 33
	HEXA  shift 34
	DOUBLE  shift 35
	'-'  shift 38
	.  error

	factor  goto 191
	invocacion_funcion  goto 44
	id_compuesta  goto 47


state 148
	termino : termino '/' factor .  (108)

	.  reduce 108


state 149
	sentencia_print : OUTF '(' error ')' . ';'  (63)

	';'  shift 192
	.  error


state 150
	sentencia_print : OUTF '(' CML ')' . ';'  (56)
	sentencia_print : OUTF '(' CML ')' .  (60)

	';'  shift 193
	$end  reduce 60
	error  reduce 60
	IF  reduce 60
	ELSE  reduce 60
	END  reduce 60
	END_IF  reduce 60
	OUTF  reduce 60
	TYPEDEF  reduce 60
	FUN  reduce 60
	RET  reduce 60
	REPEAT  reduce 60
	GOTO  reduce 60
	ID  reduce 60
	LONGINT  reduce 60
	CML  reduce 60
	DOUBLE  reduce 60
	ETIQUETA  reduce 60


state 151
	sentencia_print : OUTF '(' ')' ';' .  (58)

	.  reduce 58


state 152
	sentencia_print : OUTF '(' expresion ')' . ';'  (57)
	sentencia_print : OUTF '(' expresion ')' .  (59)

	';'  shift 194
	$end  reduce 59
	error  reduce 59
	IF  reduce 59
	ELSE  reduce 59
	END  reduce 59
	END_IF  reduce 59
	OUTF  reduce 59
	TYPEDEF  reduce 59
	FUN  reduce 59
	RET  reduce 59
	REPEAT  reduce 59
	GOTO  reduce 59
	ID  reduce 59
	LONGINT  reduce 59
	CML  reduce 59
	DOUBLE  reduce 59
	ETIQUETA  reduce 59


state 153
	sentencia_declaracion : TYPEDEF ID ASIGNACION '[' . subrango ']' ';'  (20)

	ID  shift 32
	LONGINT  shift 33
	HEXA  shift 34
	DOUBLE  shift 35
	'-'  shift 38
	.  error

	subrango  goto 195
	factor  goto 196
	invocacion_funcion  goto 44
	id_compuesta  goto 47


state 154
	sentencia_declaracion : TYPEDEF ID ASIGNACION tipo . '[' subrango ']' ';'  (14)
	sentencia_declaracion : TYPEDEF ID ASIGNACION tipo . '[' subrango ';'  (15)
	sentencia_declaracion : TYPEDEF ID ASIGNACION tipo . subrango ']' ';'  (16)
	sentencia_declaracion : TYPEDEF ID ASIGNACION tipo . subrango ';'  (17)
	sentencia_declaracion : TYPEDEF ID ASIGNACION tipo . '[' ']' ';'  (18)

	ID  shift 32
	LONGINT  shift 33
	HEXA  shift 34
	DOUBLE  shift 35
	'-'  shift 38
	'['  shift 197
	.  error

	subrango  goto 198
	factor  goto 196
	invocacion_funcion  goto 44
	id_compuesta  goto 47


state 155
	tipo : TYPEDEF ID .  (140)

	.  reduce 140


state 156
	sentencia_declaracion : TYPEDEF STRUCT '<' lista_tipos . '>' '(' lista_variables ',' ')' ID ';'  (21)
	sentencia_declaracion : TYPEDEF STRUCT '<' lista_tipos . '>' '(' lista_variables ',' ')' ';'  (24)
	lista_tipos : lista_tipos . ',' tipo  (134)
	lista_tipos : lista_tipos . tipo  (135)

	TYPEDEF  shift 102
	ID  shift 103
	LONGINT  shift 12
	DOUBLE  shift 14
	'>'  shift 199
	','  shift 158
	.  error

	tipo  goto 159


state 157
	sentencia_declaracion : TYPEDEF STRUCT lista_tipos '(' . lista_variables ',' ')' ID ';'  (22)

	ID  shift 200
	.  error

	lista_variables  goto 201
	id_compuesta  goto 28


state 158
	lista_tipos : lista_tipos ',' . tipo  (134)

	TYPEDEF  shift 102
	ID  shift 103
	LONGINT  shift 12
	DOUBLE  shift 14
	.  error

	tipo  goto 202


state 159
	lista_tipos : lista_tipos tipo .  (135)

	.  reduce 135


state 160
	sentencia_declaracion : TYPEDEF ASIGNACION tipo '[' . subrango ']' ';'  (19)

	ID  shift 32
	LONGINT  shift 33
	HEXA  shift 34
	DOUBLE  shift 35
	'-'  shift 38
	.  error

	subrango  goto 203
	factor  goto 196
	invocacion_funcion  goto 44
	id_compuesta  goto 47


state 161
	sentencia_declaracion : TYPEDEF '<' lista_tipos '>' . '(' lista_variables ',' ')' ID ';'  (23)

	'('  shift 204
	.  error


state 162
	parametro : tipo . ID  (64)
	parametro : tipo .  (65)

	ID  shift 205
	BEGIN  reduce 65
	')'  reduce 65


state 163
	declaracion_funcion : FUN ID '(' parametro . ')' BEGIN cuerpo RET '(' expresion ')' ';' END  (29)

	')'  shift 206
	.  error


state 164
	bloque_sentencia_ejecutable : BEGIN lista_sentencias END .  (68)

	.  reduce 68


state 165
	lista_sentencias : lista_sentencias sentencia_ejecucion .  (69)

	.  reduce 69


state 166
	sentencia_while : REPEAT WHILE '(' condicion . ')' ';'  (55)

	')'  shift 207
	.  error


state 167
	sentencia_while : REPEAT bloque_sentencia_ejecutable WHILE '(' . condicion ')' ';'  (48)
	sentencia_while : REPEAT bloque_sentencia_ejecutable WHILE '(' . condicion ')'  (50)
	sentencia_while : REPEAT bloque_sentencia_ejecutable WHILE '(' . ')' ';'  (51)
	sentencia_while : REPEAT bloque_sentencia_ejecutable WHILE '(' . condicion ';'  (53)

	ID  shift 32
	LONGINT  shift 33
	HEXA  shift 34
	DOUBLE  shift 35
	TOD  shift 36
	'+'  shift 37
	'-'  shift 38
	'*'  shift 39
	'/'  shift 40
	')'  shift 208
	.  error

	factor  goto 42
	expresion  goto 43
	invocacion_funcion  goto 44
	condicion  goto 209
	termino  goto 46
	id_compuesta  goto 47


state 168
	sentencia_while : REPEAT bloque_sentencia_ejecutable WHILE condicion . ')' ';'  (52)
	sentencia_while : REPEAT bloque_sentencia_ejecutable WHILE condicion . ';'  (54)

	';'  shift 210
	')'  shift 211
	.  error


state 169
	sentencia_while : REPEAT bloque_sentencia_ejecutable '(' condicion . ')' ';'  (49)

	')'  shift 212
	.  error


state 170
	invocacion_funcion : ID '(' expresion ')' .  (66)

	.  reduce 66


state 171
	declaracion_funcion : tipo FUN ID '(' . parametro ')' BEGIN cuerpo RET '(' expresion ')' ';' END  (27)
	declaracion_funcion : tipo FUN ID '(' . parametro ')' BEGIN cuerpo END  (28)
	declaracion_funcion : tipo FUN ID '(' . parametro ')' BEGIN cuerpo RET expresion ';' END  (33)
	declaracion_funcion : tipo FUN ID '(' . ')' BEGIN cuerpo RET '(' expresion ')' ';' END  (34)
	declaracion_funcion : tipo FUN ID '(' . parametro ')' cuerpo RET '(' expresion ')' ';' END  (35)
	declaracion_funcion : tipo FUN ID '(' . parametro ')' BEGIN cuerpo error  (36)
	declaracion_funcion : tipo FUN ID '(' . parametro ')' BEGIN END  (37)

	TYPEDEF  shift 102
	ID  shift 103
	LONGINT  shift 12
	DOUBLE  shift 14
	')'  shift 213
	.  error

	tipo  goto 162
	parametro  goto 214


state 172
	declaracion_funcion : tipo FUN ID parametro . BEGIN cuerpo RET '(' expresion ')' ';' END  (32)

	BEGIN  shift 215
	.  error


state 173
	declaracion_funcion : tipo FUN '(' parametro . ')' BEGIN cuerpo RET '(' expresion ')' ';' END  (31)

	')'  shift 216
	.  error


state 174
	declaracion_funcion : tipo ID '(' parametro . ')' BEGIN cuerpo RET '(' expresion ')' ';' END  (30)

	')'  shift 217
	.  error


state 175
	asignacion : lista_variables ASIGNACION lista_expresiones ';' .  (96)

	.  reduce 96


state 176
	lista_expresiones : lista_expresiones ',' . expresion  (132)

	ID  shift 32
	LONGINT  shift 33
	HEXA  shift 34
	DOUBLE  shift 35
	TOD  shift 36
	'+'  shift 37
	'-'  shift 38
	'*'  shift 39
	'/'  shift 40
	.  error

	factor  goto 42
	expresion  goto 218
	invocacion_funcion  goto 44
	termino  goto 46
	id_compuesta  goto 47


state 177
	condicion_if : IF THEN bloque_sentencia_ejecutable END_IF error .  (78)

	.  reduce 78


state 178
	expresion : TOD '(' expresion ')' .  (104)

	.  reduce 104


state 179
	condicion_if : IF '(' ')' THEN bloque_sentencia_ejecutable . END_IF ';'  (74)

	END_IF  shift 219
	.  error


state 180
	condicion_if : IF '(' condicion THEN bloque_sentencia_ejecutable . END_IF ';'  (85)
	condicion_if : IF '(' condicion THEN bloque_sentencia_ejecutable . ELSE bloque_sentencia_ejecutable END_IF ';'  (87)

	ELSE  shift 220
	END_IF  shift 221
	.  error


state 181
	condicion_if : IF '(' condicion ')' THEN . bloque_sentencia_ejecutable END_IF ';'  (71)
	condicion_if : IF '(' condicion ')' THEN . bloque_sentencia_ejecutable ELSE bloque_sentencia_ejecutable END_IF ';'  (72)
	condicion_if : IF '(' condicion ')' THEN . error END_IF ';'  (75)
	condicion_if : IF '(' condicion ')' THEN . bloque_sentencia_ejecutable ';'  (76)
	condicion_if : IF '(' condicion ')' THEN . bloque_sentencia_ejecutable error  (77)
	condicion_if : IF '(' condicion ')' THEN . bloque_sentencia_ejecutable bloque_sentencia_ejecutable END_IF ';'  (79)
	condicion_if : IF '(' condicion ')' THEN . bloque_sentencia_ejecutable ELSE bloque_sentencia_ejecutable END_IF  (80)
	condicion_if : IF '(' condicion ')' THEN . bloque_sentencia_ejecutable ELSE END_IF ';'  (81)
	condicion_if : IF '(' condicion ')' THEN . ELSE bloque_sentencia_ejecutable END_IF ';'  (82)
	condicion_if : IF '(' condicion ')' THEN . bloque_sentencia_ejecutable ELSE bloque_sentencia_ejecutable ';'  (83)
	condicion_if : IF '(' condicion ')' THEN . sentencia_ejecucion END_IF ';'  (90)
	condicion_if : IF '(' condicion ')' THEN . sentencia_ejecucion ELSE bloque_sentencia_ejecutable END_IF ';'  (91)
	condicion_if : IF '(' condicion ')' THEN . bloque_sentencia_ejecutable ELSE sentencia_ejecucion END_IF ';'  (92)
	condicion_if : IF '(' condicion ')' THEN . sentencia_ejecucion ELSE sentencia_ejecucion END_IF ';'  (93)

	error  shift 222
	IF  shift 4
	ELSE  shift 223
	BEGIN  shift 56
	OUTF  shift 6
	REPEAT  shift 9
	GOTO  shift 10
	ID  shift 110
	CML  shift 13
	ETIQUETA  shift 15
	.  error

	sentencia_ejecucion  goto 224
	lista_variables  goto 21
	asignacion  goto 23
	condicion_if  goto 24
	sentencia_print  goto 25
	sentencia_while  goto 26
	invocacion_funcion  goto 27
	bloque_sentencia_ejecutable  goto 225
	id_compuesta  goto 28


state 182
	condicion_if : IF '(' condicion ')' bloque_sentencia_ejecutable . END_IF ';'  (73)

	END_IF  shift 226
	.  error


state 183
	expresion : expresion '+' '+' termino .  (99)
	termino : termino . '*' factor  (107)
	termino : termino . '/' factor  (108)
	termino : termino . '*' '*' factor  (109)
	termino : termino . '*' '/' factor  (110)
	termino : termino . '/' '/' factor  (111)
	termino : termino . '/' '*' factor  (112)
	termino : termino . '/'  (113)
	termino : termino . '*'  (114)

	'*'  shift 93
	'/'  shift 94
	error  reduce 99
	THEN  reduce 99
	DISTINTO  reduce 99
	MENOR_IGUAL  reduce 99
	MAYOR_IGUAL  reduce 99
	'+'  reduce 99
	'-'  reduce 99
	';'  reduce 99
	'<'  reduce 99
	'>'  reduce 99
	','  reduce 99
	')'  reduce 99


state 184
	expresion : expresion '-' '+' termino .  (100)
	termino : termino . '*' factor  (107)
	termino : termino . '/' factor  (108)
	termino : termino . '*' '*' factor  (109)
	termino : termino . '*' '/' factor  (110)
	termino : termino . '/' '/' factor  (111)
	termino : termino . '/' '*' factor  (112)
	termino : termino . '/'  (113)
	termino : termino . '*'  (114)

	'*'  shift 93
	'/'  shift 94
	error  reduce 100
	THEN  reduce 100
	DISTINTO  reduce 100
	MENOR_IGUAL  reduce 100
	MAYOR_IGUAL  reduce 100
	'+'  reduce 100
	'-'  reduce 100
	';'  reduce 100
	'<'  reduce 100
	'>'  reduce 100
	','  reduce 100
	')'  reduce 100


state 185
	condicion_if : IF condicion THEN bloque_sentencia_ejecutable ELSE . bloque_sentencia_ejecutable END_IF ';'  (89)

	BEGIN  shift 56
	.  error

	bloque_sentencia_ejecutable  goto 227


state 186
	condicion_if : IF condicion THEN bloque_sentencia_ejecutable END_IF . ';'  (84)

	';'  shift 228
	.  error


state 187
	condicion_if : IF condicion ')' THEN bloque_sentencia_ejecutable . END_IF ';'  (86)
	condicion_if : IF condicion ')' THEN bloque_sentencia_ejecutable . ELSE bloque_sentencia_ejecutable END_IF ';'  (88)

	ELSE  shift 229
	END_IF  shift 230
	.  error


state 188
	termino : termino '*' '*' factor .  (109)

	.  reduce 109


state 189
	termino : termino '*' '/' factor .  (110)

	.  reduce 110


state 190
	termino : termino '/' '*' factor .  (112)

	.  reduce 112


state 191
	termino : termino '/' '/' factor .  (111)

	.  reduce 111


state 192
	sentencia_print : OUTF '(' error ')' ';' .  (63)

	.  reduce 63


state 193
	sentencia_print : OUTF '(' CML ')' ';' .  (56)

	.  reduce 56


state 194
	sentencia_print : OUTF '(' expresion ')' ';' .  (57)

	.  reduce 57


state 195
	sentencia_declaracion : TYPEDEF ID ASIGNACION '[' subrango . ']' ';'  (20)

	']'  shift 231
	.  error


state 196
	subrango : factor . ',' factor  (25)
	subrango : factor . factor  (26)

	ID  shift 32
	LONGINT  shift 33
	HEXA  shift 34
	DOUBLE  shift 35
	'-'  shift 38
	','  shift 232
	.  error

	factor  goto 233
	invocacion_funcion  goto 44
	id_compuesta  goto 47


state 197
	sentencia_declaracion : TYPEDEF ID ASIGNACION tipo '[' . subrango ']' ';'  (14)
	sentencia_declaracion : TYPEDEF ID ASIGNACION tipo '[' . subrango ';'  (15)
	sentencia_declaracion : TYPEDEF ID ASIGNACION tipo '[' . ']' ';'  (18)

	ID  shift 32
	LONGINT  shift 33
	HEXA  shift 34
	DOUBLE  shift 35
	'-'  shift 38
	']'  shift 234
	.  error

	subrango  goto 235
	factor  goto 196
	invocacion_funcion  goto 44
	id_compuesta  goto 47


state 198
	sentencia_declaracion : TYPEDEF ID ASIGNACION tipo subrango . ']' ';'  (16)
	sentencia_declaracion : TYPEDEF ID ASIGNACION tipo subrango . ';'  (17)

	';'  shift 236
	']'  shift 237
	.  error


state 199
	sentencia_declaracion : TYPEDEF STRUCT '<' lista_tipos '>' . '(' lista_variables ',' ')' ID ';'  (21)
	sentencia_declaracion : TYPEDEF STRUCT '<' lista_tipos '>' . '(' lista_variables ',' ')' ';'  (24)

	'('  shift 238
	.  error


state 200
	lista_variables : ID .  (130)
	id_compuesta : ID . '.' ID  (131)

	'.'  shift 61
	','  reduce 130


state 201
	sentencia_declaracion : TYPEDEF STRUCT lista_tipos '(' lista_variables . ',' ')' ID ';'  (22)
	lista_variables : lista_variables . ',' ID  (127)
	lista_variables : lista_variables . ',' id_compuesta  (128)

	','  shift 239
	.  error


state 202
	lista_tipos : lista_tipos ',' tipo .  (134)

	.  reduce 134


state 203
	sentencia_declaracion : TYPEDEF ASIGNACION tipo '[' subrango . ']' ';'  (19)

	']'  shift 240
	.  error


state 204
	sentencia_declaracion : TYPEDEF '<' lista_tipos '>' '(' . lista_variables ',' ')' ID ';'  (23)

	ID  shift 200
	.  error

	lista_variables  goto 241
	id_compuesta  goto 28


state 205
	parametro : tipo ID .  (64)

	.  reduce 64


state 206
	declaracion_funcion : FUN ID '(' parametro ')' . BEGIN cuerpo RET '(' expresion ')' ';' END  (29)

	BEGIN  shift 242
	.  error


state 207
	sentencia_while : REPEAT WHILE '(' condicion ')' . ';'  (55)

	';'  shift 243
	.  error


state 208
	sentencia_while : REPEAT bloque_sentencia_ejecutable WHILE '(' ')' . ';'  (51)

	';'  shift 244
	.  error


state 209
	sentencia_while : REPEAT bloque_sentencia_ejecutable WHILE '(' condicion . ')' ';'  (48)
	sentencia_while : REPEAT bloque_sentencia_ejecutable WHILE '(' condicion . ')'  (50)
	sentencia_while : REPEAT bloque_sentencia_ejecutable WHILE '(' condicion . ';'  (53)

	';'  shift 245
	')'  shift 246
	.  error


state 210
	sentencia_while : REPEAT bloque_sentencia_ejecutable WHILE condicion ';' .  (54)

	.  reduce 54


state 211
	sentencia_while : REPEAT bloque_sentencia_ejecutable WHILE condicion ')' . ';'  (52)

	';'  shift 247
	.  error


state 212
	sentencia_while : REPEAT bloque_sentencia_ejecutable '(' condicion ')' . ';'  (49)

	';'  shift 248
	.  error


state 213
	declaracion_funcion : tipo FUN ID '(' ')' . BEGIN cuerpo RET '(' expresion ')' ';' END  (34)

	BEGIN  shift 249
	.  error


state 214
	declaracion_funcion : tipo FUN ID '(' parametro . ')' BEGIN cuerpo RET '(' expresion ')' ';' END  (27)
	declaracion_funcion : tipo FUN ID '(' parametro . ')' BEGIN cuerpo END  (28)
	declaracion_funcion : tipo FUN ID '(' parametro . ')' BEGIN cuerpo RET expresion ';' END  (33)
	declaracion_funcion : tipo FUN ID '(' parametro . ')' cuerpo RET '(' expresion ')' ';' END  (35)
	declaracion_funcion : tipo FUN ID '(' parametro . ')' BEGIN cuerpo error  (36)
	declaracion_funcion : tipo FUN ID '(' parametro . ')' BEGIN END  (37)

	')'  shift 250
	.  error


state 215
	declaracion_funcion : tipo FUN ID parametro BEGIN . cuerpo RET '(' expresion ')' ';' END  (32)

	IF  shift 4
	OUTF  shift 6
	TYPEDEF  shift 7
	FUN  shift 8
	REPEAT  shift 9
	GOTO  shift 10
	ID  shift 11
	LONGINT  shift 12
	CML  shift 13
	DOUBLE  shift 14
	ETIQUETA  shift 15
	.  error

	cuerpo  goto 251
	sentencia  goto 17
	sentencia_declaracion  goto 18
	sentencia_ejecucion  goto 19
	tipo  goto 20
	lista_variables  goto 21
	declaracion_funcion  goto 22
	asignacion  goto 23
	condicion_if  goto 24
	sentencia_print  goto 25
	sentencia_while  goto 26
	invocacion_funcion  goto 27
	id_compuesta  goto 28


state 216
	declaracion_funcion : tipo FUN '(' parametro ')' . BEGIN cuerpo RET '(' expresion ')' ';' END  (31)

	BEGIN  shift 252
	.  error


state 217
	declaracion_funcion : tipo ID '(' parametro ')' . BEGIN cuerpo RET '(' expresion ')' ';' END  (30)

	BEGIN  shift 253
	.  error


state 218
	expresion : expresion . '+' termino  (97)
	expresion : expresion . '-' termino  (98)
	expresion : expresion . '+' '+' termino  (99)
	expresion : expresion . '-' '+' termino  (100)
	expresion : expresion . '+'  (102)
	expresion : expresion . '-'  (103)
	lista_expresiones : lista_expresiones ',' expresion .  (132)

	'+'  shift 86
	'-'  shift 87
	';'  reduce 132
	','  reduce 132


state 219
	condicion_if : IF '(' ')' THEN bloque_sentencia_ejecutable END_IF . ';'  (74)

	';'  shift 254
	.  error


state 220
	condicion_if : IF '(' condicion THEN bloque_sentencia_ejecutable ELSE . bloque_sentencia_ejecutable END_IF ';'  (87)

	BEGIN  shift 56
	.  error

	bloque_sentencia_ejecutable  goto 255


state 221
	condicion_if : IF '(' condicion THEN bloque_sentencia_ejecutable END_IF . ';'  (85)

	';'  shift 256
	.  error


state 222
	condicion_if : IF '(' condicion ')' THEN error . END_IF ';'  (75)

	END_IF  shift 257
	.  error


state 223
	condicion_if : IF '(' condicion ')' THEN ELSE . bloque_sentencia_ejecutable END_IF ';'  (82)

	BEGIN  shift 56
	.  error

	bloque_sentencia_ejecutable  goto 258


state 224
	condicion_if : IF '(' condicion ')' THEN sentencia_ejecucion . END_IF ';'  (90)
	condicion_if : IF '(' condicion ')' THEN sentencia_ejecucion . ELSE bloque_sentencia_ejecutable END_IF ';'  (91)
	condicion_if : IF '(' condicion ')' THEN sentencia_ejecucion . ELSE sentencia_ejecucion END_IF ';'  (93)

	ELSE  shift 259
	END_IF  shift 260
	.  error


state 225
	condicion_if : IF '(' condicion ')' THEN bloque_sentencia_ejecutable . END_IF ';'  (71)
	condicion_if : IF '(' condicion ')' THEN bloque_sentencia_ejecutable . ELSE bloque_sentencia_ejecutable END_IF ';'  (72)
	condicion_if : IF '(' condicion ')' THEN bloque_sentencia_ejecutable . ';'  (76)
	condicion_if : IF '(' condicion ')' THEN bloque_sentencia_ejecutable . error  (77)
	condicion_if : IF '(' condicion ')' THEN bloque_sentencia_ejecutable . bloque_sentencia_ejecutable END_IF ';'  (79)
	condicion_if : IF '(' condicion ')' THEN bloque_sentencia_ejecutable . ELSE bloque_sentencia_ejecutable END_IF  (80)
	condicion_if : IF '(' condicion ')' THEN bloque_sentencia_ejecutable . ELSE END_IF ';'  (81)
	condicion_if : IF '(' condicion ')' THEN bloque_sentencia_ejecutable . ELSE bloque_sentencia_ejecutable ';'  (83)
	condicion_if : IF '(' condicion ')' THEN bloque_sentencia_ejecutable . ELSE sentencia_ejecucion END_IF ';'  (92)

	error  shift 261
	ELSE  shift 262
	BEGIN  shift 56
	END_IF  shift 263
	';'  shift 264
	.  error

	bloque_sentencia_ejecutable  goto 265


state 226
	condicion_if : IF '(' condicion ')' bloque_sentencia_ejecutable END_IF . ';'  (73)

	';'  shift 266
	.  error


state 227
	condicion_if : IF condicion THEN bloque_sentencia_ejecutable ELSE bloque_sentencia_ejecutable . END_IF ';'  (89)

	END_IF  shift 267
	.  error


state 228
	condicion_if : IF condicion THEN bloque_sentencia_ejecutable END_IF ';' .  (84)

	.  reduce 84


state 229
	condicion_if : IF condicion ')' THEN bloque_sentencia_ejecutable ELSE . bloque_sentencia_ejecutable END_IF ';'  (88)

	BEGIN  shift 56
	.  error

	bloque_sentencia_ejecutable  goto 268


state 230
	condicion_if : IF condicion ')' THEN bloque_sentencia_ejecutable END_IF . ';'  (86)

	';'  shift 269
	.  error


state 231
	sentencia_declaracion : TYPEDEF ID ASIGNACION '[' subrango ']' . ';'  (20)

	';'  shift 270
	.  error


state 232
	subrango : factor ',' . factor  (25)

	ID  shift 32
	LONGINT  shift 33
	HEXA  shift 34
	DOUBLE  shift 35
	'-'  shift 38
	.  error

	factor  goto 271
	invocacion_funcion  goto 44
	id_compuesta  goto 47


state 233
	subrango : factor factor .  (26)

	.  reduce 26


state 234
	sentencia_declaracion : TYPEDEF ID ASIGNACION tipo '[' ']' . ';'  (18)

	';'  shift 272
	.  error


state 235
	sentencia_declaracion : TYPEDEF ID ASIGNACION tipo '[' subrango . ']' ';'  (14)
	sentencia_declaracion : TYPEDEF ID ASIGNACION tipo '[' subrango . ';'  (15)

	';'  shift 273
	']'  shift 274
	.  error


state 236
	sentencia_declaracion : TYPEDEF ID ASIGNACION tipo subrango ';' .  (17)

	.  reduce 17


state 237
	sentencia_declaracion : TYPEDEF ID ASIGNACION tipo subrango ']' . ';'  (16)

	';'  shift 275
	.  error


state 238
	sentencia_declaracion : TYPEDEF STRUCT '<' lista_tipos '>' '(' . lista_variables ',' ')' ID ';'  (21)
	sentencia_declaracion : TYPEDEF STRUCT '<' lista_tipos '>' '(' . lista_variables ',' ')' ';'  (24)

	ID  shift 200
	.  error

	lista_variables  goto 276
	id_compuesta  goto 28


state 239
	sentencia_declaracion : TYPEDEF STRUCT lista_tipos '(' lista_variables ',' . ')' ID ';'  (22)
	lista_variables : lista_variables ',' . ID  (127)
	lista_variables : lista_variables ',' . id_compuesta  (128)

	ID  shift 126
	')'  shift 277
	.  error

	id_compuesta  goto 127


state 240
	sentencia_declaracion : TYPEDEF ASIGNACION tipo '[' subrango ']' . ';'  (19)

	';'  shift 278
	.  error


state 241
	sentencia_declaracion : TYPEDEF '<' lista_tipos '>' '(' lista_variables . ',' ')' ID ';'  (23)
	lista_variables : lista_variables . ',' ID  (127)
	lista_variables : lista_variables . ',' id_compuesta  (128)

	','  shift 279
	.  error


state 242
	declaracion_funcion : FUN ID '(' parametro ')' BEGIN . cuerpo RET '(' expresion ')' ';' END  (29)

	IF  shift 4
	OUTF  shift 6
	TYPEDEF  shift 7
	FUN  shift 8
	REPEAT  shift 9
	GOTO  shift 10
	ID  shift 11
	LONGINT  shift 12
	CML  shift 13
	DOUBLE  shift 14
	ETIQUETA  shift 15
	.  error

	cuerpo  goto 280
	sentencia  goto 17
	sentencia_declaracion  goto 18
	sentencia_ejecucion  goto 19
	tipo  goto 20
	lista_variables  goto 21
	declaracion_funcion  goto 22
	asignacion  goto 23
	condicion_if  goto 24
	sentencia_print  goto 25
	sentencia_while  goto 26
	invocacion_funcion  goto 27
	id_compuesta  goto 28


state 243
	sentencia_while : REPEAT WHILE '(' condicion ')' ';' .  (55)

	.  reduce 55


state 244
	sentencia_while : REPEAT bloque_sentencia_ejecutable WHILE '(' ')' ';' .  (51)

	.  reduce 51


state 245
	sentencia_while : REPEAT bloque_sentencia_ejecutable WHILE '(' condicion ';' .  (53)

	.  reduce 53


state 246
	sentencia_while : REPEAT bloque_sentencia_ejecutable WHILE '(' condicion ')' . ';'  (48)
	sentencia_while : REPEAT bloque_sentencia_ejecutable WHILE '(' condicion ')' .  (50)

	';'  shift 281
	$end  reduce 50
	error  reduce 50
	IF  reduce 50
	ELSE  reduce 50
	END  reduce 50
	END_IF  reduce 50
	OUTF  reduce 50
	TYPEDEF  reduce 50
	FUN  reduce 50
	RET  reduce 50
	REPEAT  reduce 50
	GOTO  reduce 50
	ID  reduce 50
	LONGINT  reduce 50
	CML  reduce 50
	DOUBLE  reduce 50
	ETIQUETA  reduce 50


state 247
	sentencia_while : REPEAT bloque_sentencia_ejecutable WHILE condicion ')' ';' .  (52)

	.  reduce 52


state 248
	sentencia_while : REPEAT bloque_sentencia_ejecutable '(' condicion ')' ';' .  (49)

	.  reduce 49


state 249
	declaracion_funcion : tipo FUN ID '(' ')' BEGIN . cuerpo RET '(' expresion ')' ';' END  (34)

	IF  shift 4
	OUTF  shift 6
	TYPEDEF  shift 7
	FUN  shift 8
	REPEAT  shift 9
	GOTO  shift 10
	ID  shift 11
	LONGINT  shift 12
	CML  shift 13
	DOUBLE  shift 14
	ETIQUETA  shift 15
	.  error

	cuerpo  goto 282
	sentencia  goto 17
	sentencia_declaracion  goto 18
	sentencia_ejecucion  goto 19
	tipo  goto 20
	lista_variables  goto 21
	declaracion_funcion  goto 22
	asignacion  goto 23
	condicion_if  goto 24
	sentencia_print  goto 25
	sentencia_while  goto 26
	invocacion_funcion  goto 27
	id_compuesta  goto 28


state 250
	declaracion_funcion : tipo FUN ID '(' parametro ')' . BEGIN cuerpo RET '(' expresion ')' ';' END  (27)
	declaracion_funcion : tipo FUN ID '(' parametro ')' . BEGIN cuerpo END  (28)
	declaracion_funcion : tipo FUN ID '(' parametro ')' . BEGIN cuerpo RET expresion ';' END  (33)
	declaracion_funcion : tipo FUN ID '(' parametro ')' . cuerpo RET '(' expresion ')' ';' END  (35)
	declaracion_funcion : tipo FUN ID '(' parametro ')' . BEGIN cuerpo error  (36)
	declaracion_funcion : tipo FUN ID '(' parametro ')' . BEGIN END  (37)

	IF  shift 4
	BEGIN  shift 283
	OUTF  shift 6
	TYPEDEF  shift 7
	FUN  shift 8
	REPEAT  shift 9
	GOTO  shift 10
	ID  shift 11
	LONGINT  shift 12
	CML  shift 13
	DOUBLE  shift 14
	ETIQUETA  shift 15
	.  error

	cuerpo  goto 284
	sentencia  goto 17
	sentencia_declaracion  goto 18
	sentencia_ejecucion  goto 19
	tipo  goto 20
	lista_variables  goto 21
	declaracion_funcion  goto 22
	asignacion  goto 23
	condicion_if  goto 24
	sentencia_print  goto 25
	sentencia_while  goto 26
	invocacion_funcion  goto 27
	id_compuesta  goto 28


state 251
	cuerpo : cuerpo . sentencia  (7)
	declaracion_funcion : tipo FUN ID parametro BEGIN cuerpo . RET '(' expresion ')' ';' END  (32)

	IF  shift 4
	OUTF  shift 6
	TYPEDEF  shift 7
	FUN  shift 8
	RET  shift 285
	REPEAT  shift 9
	GOTO  shift 10
	ID  shift 11
	LONGINT  shift 12
	CML  shift 13
	DOUBLE  shift 14
	ETIQUETA  shift 15
	.  error

	sentencia  goto 63
	sentencia_declaracion  goto 18
	sentencia_ejecucion  goto 19
	tipo  goto 20
	lista_variables  goto 21
	declaracion_funcion  goto 22
	asignacion  goto 23
	condicion_if  goto 24
	sentencia_print  goto 25
	sentencia_while  goto 26
	invocacion_funcion  goto 27
	id_compuesta  goto 28


state 252
	declaracion_funcion : tipo FUN '(' parametro ')' BEGIN . cuerpo RET '(' expresion ')' ';' END  (31)

	IF  shift 4
	OUTF  shift 6
	TYPEDEF  shift 7
	FUN  shift 8
	REPEAT  shift 9
	GOTO  shift 10
	ID  shift 11
	LONGINT  shift 12
	CML  shift 13
	DOUBLE  shift 14
	ETIQUETA  shift 15
	.  error

	cuerpo  goto 286
	sentencia  goto 17
	sentencia_declaracion  goto 18
	sentencia_ejecucion  goto 19
	tipo  goto 20
	lista_variables  goto 21
	declaracion_funcion  goto 22
	asignacion  goto 23
	condicion_if  goto 24
	sentencia_print  goto 25
	sentencia_while  goto 26
	invocacion_funcion  goto 27
	id_compuesta  goto 28


state 253
	declaracion_funcion : tipo ID '(' parametro ')' BEGIN . cuerpo RET '(' expresion ')' ';' END  (30)

	IF  shift 4
	OUTF  shift 6
	TYPEDEF  shift 7
	FUN  shift 8
	REPEAT  shift 9
	GOTO  shift 10
	ID  shift 11
	LONGINT  shift 12
	CML  shift 13
	DOUBLE  shift 14
	ETIQUETA  shift 15
	.  error

	cuerpo  goto 287
	sentencia  goto 17
	sentencia_declaracion  goto 18
	sentencia_ejecucion  goto 19
	tipo  goto 20
	lista_variables  goto 21
	declaracion_funcion  goto 22
	asignacion  goto 23
	condicion_if  goto 24
	sentencia_print  goto 25
	sentencia_while  goto 26
	invocacion_funcion  goto 27
	id_compuesta  goto 28


state 254
	condicion_if : IF '(' ')' THEN bloque_sentencia_ejecutable END_IF ';' .  (74)

	.  reduce 74


state 255
	condicion_if : IF '(' condicion THEN bloque_sentencia_ejecutable ELSE bloque_sentencia_ejecutable . END_IF ';'  (87)

	END_IF  shift 288
	.  error


state 256
	condicion_if : IF '(' condicion THEN bloque_sentencia_ejecutable END_IF ';' .  (85)

	.  reduce 85


state 257
	condicion_if : IF '(' condicion ')' THEN error END_IF . ';'  (75)

	';'  shift 289
	.  error


state 258
	condicion_if : IF '(' condicion ')' THEN ELSE bloque_sentencia_ejecutable . END_IF ';'  (82)

	END_IF  shift 290
	.  error


state 259
	condicion_if : IF '(' condicion ')' THEN sentencia_ejecucion ELSE . bloque_sentencia_ejecutable END_IF ';'  (91)
	condicion_if : IF '(' condicion ')' THEN sentencia_ejecucion ELSE . sentencia_ejecucion END_IF ';'  (93)

	IF  shift 4
	BEGIN  shift 56
	OUTF  shift 6
	REPEAT  shift 9
	GOTO  shift 10
	ID  shift 110
	CML  shift 13
	ETIQUETA  shift 15
	.  error

	sentencia_ejecucion  goto 291
	lista_variables  goto 21
	asignacion  goto 23
	condicion_if  goto 24
	sentencia_print  goto 25
	sentencia_while  goto 26
	invocacion_funcion  goto 27
	bloque_sentencia_ejecutable  goto 292
	id_compuesta  goto 28


state 260
	condicion_if : IF '(' condicion ')' THEN sentencia_ejecucion END_IF . ';'  (90)

	';'  shift 293
	.  error


state 261
	condicion_if : IF '(' condicion ')' THEN bloque_sentencia_ejecutable error .  (77)

	.  reduce 77


state 262
	condicion_if : IF '(' condicion ')' THEN bloque_sentencia_ejecutable ELSE . bloque_sentencia_ejecutable END_IF ';'  (72)
	condicion_if : IF '(' condicion ')' THEN bloque_sentencia_ejecutable ELSE . bloque_sentencia_ejecutable END_IF  (80)
	condicion_if : IF '(' condicion ')' THEN bloque_sentencia_ejecutable ELSE . END_IF ';'  (81)
	condicion_if : IF '(' condicion ')' THEN bloque_sentencia_ejecutable ELSE . bloque_sentencia_ejecutable ';'  (83)
	condicion_if : IF '(' condicion ')' THEN bloque_sentencia_ejecutable ELSE . sentencia_ejecucion END_IF ';'  (92)

	IF  shift 4
	BEGIN  shift 56
	END_IF  shift 294
	OUTF  shift 6
	REPEAT  shift 9
	GOTO  shift 10
	ID  shift 110
	CML  shift 13
	ETIQUETA  shift 15
	.  error

	sentencia_ejecucion  goto 295
	lista_variables  goto 21
	asignacion  goto 23
	condicion_if  goto 24
	sentencia_print  goto 25
	sentencia_while  goto 26
	invocacion_funcion  goto 27
	bloque_sentencia_ejecutable  goto 296
	id_compuesta  goto 28


state 263
	condicion_if : IF '(' condicion ')' THEN bloque_sentencia_ejecutable END_IF . ';'  (71)

	';'  shift 297
	.  error


state 264
	condicion_if : IF '(' condicion ')' THEN bloque_sentencia_ejecutable ';' .  (76)

	.  reduce 76


state 265
	condicion_if : IF '(' condicion ')' THEN bloque_sentencia_ejecutable bloque_sentencia_ejecutable . END_IF ';'  (79)

	END_IF  shift 298
	.  error


state 266
	condicion_if : IF '(' condicion ')' bloque_sentencia_ejecutable END_IF ';' .  (73)

	.  reduce 73


state 267
	condicion_if : IF condicion THEN bloque_sentencia_ejecutable ELSE bloque_sentencia_ejecutable END_IF . ';'  (89)

	';'  shift 299
	.  error


state 268
	condicion_if : IF condicion ')' THEN bloque_sentencia_ejecutable ELSE bloque_sentencia_ejecutable . END_IF ';'  (88)

	END_IF  shift 300
	.  error


state 269
	condicion_if : IF condicion ')' THEN bloque_sentencia_ejecutable END_IF ';' .  (86)

	.  reduce 86


state 270
	sentencia_declaracion : TYPEDEF ID ASIGNACION '[' subrango ']' ';' .  (20)

	.  reduce 20


state 271
	subrango : factor ',' factor .  (25)

	.  reduce 25


state 272
	sentencia_declaracion : TYPEDEF ID ASIGNACION tipo '[' ']' ';' .  (18)

	.  reduce 18


state 273
	sentencia_declaracion : TYPEDEF ID ASIGNACION tipo '[' subrango ';' .  (15)

	.  reduce 15


state 274
	sentencia_declaracion : TYPEDEF ID ASIGNACION tipo '[' subrango ']' . ';'  (14)

	';'  shift 301
	.  error


state 275
	sentencia_declaracion : TYPEDEF ID ASIGNACION tipo subrango ']' ';' .  (16)

	.  reduce 16


state 276
	sentencia_declaracion : TYPEDEF STRUCT '<' lista_tipos '>' '(' lista_variables . ',' ')' ID ';'  (21)
	sentencia_declaracion : TYPEDEF STRUCT '<' lista_tipos '>' '(' lista_variables . ',' ')' ';'  (24)
	lista_variables : lista_variables . ',' ID  (127)
	lista_variables : lista_variables . ',' id_compuesta  (128)

	','  shift 302
	.  error


state 277
	sentencia_declaracion : TYPEDEF STRUCT lista_tipos '(' lista_variables ',' ')' . ID ';'  (22)

	ID  shift 303
	.  error


state 278
	sentencia_declaracion : TYPEDEF ASIGNACION tipo '[' subrango ']' ';' .  (19)

	.  reduce 19


state 279
	sentencia_declaracion : TYPEDEF '<' lista_tipos '>' '(' lista_variables ',' . ')' ID ';'  (23)
	lista_variables : lista_variables ',' . ID  (127)
	lista_variables : lista_variables ',' . id_compuesta  (128)

	ID  shift 126
	')'  shift 304
	.  error

	id_compuesta  goto 127


state 280
	cuerpo : cuerpo . sentencia  (7)
	declaracion_funcion : FUN ID '(' parametro ')' BEGIN cuerpo . RET '(' expresion ')' ';' END  (29)

	IF  shift 4
	OUTF  shift 6
	TYPEDEF  shift 7
	FUN  shift 8
	RET  shift 305
	REPEAT  shift 9
	GOTO  shift 10
	ID  shift 11
	LONGINT  shift 12
	CML  shift 13
	DOUBLE  shift 14
	ETIQUETA  shift 15
	.  error

	sentencia  goto 63
	sentencia_declaracion  goto 18
	sentencia_ejecucion  goto 19
	tipo  goto 20
	lista_variables  goto 21
	declaracion_funcion  goto 22
	asignacion  goto 23
	condicion_if  goto 24
	sentencia_print  goto 25
	sentencia_while  goto 26
	invocacion_funcion  goto 27
	id_compuesta  goto 28


state 281
	sentencia_while : REPEAT bloque_sentencia_ejecutable WHILE '(' condicion ')' ';' .  (48)

	.  reduce 48


state 282
	cuerpo : cuerpo . sentencia  (7)
	declaracion_funcion : tipo FUN ID '(' ')' BEGIN cuerpo . RET '(' expresion ')' ';' END  (34)

	IF  shift 4
	OUTF  shift 6
	TYPEDEF  shift 7
	FUN  shift 8
	RET  shift 306
	REPEAT  shift 9
	GOTO  shift 10
	ID  shift 11
	LONGINT  shift 12
	CML  shift 13
	DOUBLE  shift 14
	ETIQUETA  shift 15
	.  error

	sentencia  goto 63
	sentencia_declaracion  goto 18
	sentencia_ejecucion  goto 19
	tipo  goto 20
	lista_variables  goto 21
	declaracion_funcion  goto 22
	asignacion  goto 23
	condicion_if  goto 24
	sentencia_print  goto 25
	sentencia_while  goto 26
	invocacion_funcion  goto 27
	id_compuesta  goto 28


state 283
	declaracion_funcion : tipo FUN ID '(' parametro ')' BEGIN . cuerpo RET '(' expresion ')' ';' END  (27)
	declaracion_funcion : tipo FUN ID '(' parametro ')' BEGIN . cuerpo END  (28)
	declaracion_funcion : tipo FUN ID '(' parametro ')' BEGIN . cuerpo RET expresion ';' END  (33)
	declaracion_funcion : tipo FUN ID '(' parametro ')' BEGIN . cuerpo error  (36)
	declaracion_funcion : tipo FUN ID '(' parametro ')' BEGIN . END  (37)

	IF  shift 4
	END  shift 307
	OUTF  shift 6
	TYPEDEF  shift 7
	FUN  shift 8
	REPEAT  shift 9
	GOTO  shift 10
	ID  shift 11
	LONGINT  shift 12
	CML  shift 13
	DOUBLE  shift 14
	ETIQUETA  shift 15
	.  error

	cuerpo  goto 308
	sentencia  goto 17
	sentencia_declaracion  goto 18
	sentencia_ejecucion  goto 19
	tipo  goto 20
	lista_variables  goto 21
	declaracion_funcion  goto 22
	asignacion  goto 23
	condicion_if  goto 24
	sentencia_print  goto 25
	sentencia_while  goto 26
	invocacion_funcion  goto 27
	id_compuesta  goto 28


state 284
	cuerpo : cuerpo . sentencia  (7)
	declaracion_funcion : tipo FUN ID '(' parametro ')' cuerpo . RET '(' expresion ')' ';' END  (35)

	IF  shift 4
	OUTF  shift 6
	TYPEDEF  shift 7
	FUN  shift 8
	RET  shift 309
	REPEAT  shift 9
	GOTO  shift 10
	ID  shift 11
	LONGINT  shift 12
	CML  shift 13
	DOUBLE  shift 14
	ETIQUETA  shift 15
	.  error

	sentencia  goto 63
	sentencia_declaracion  goto 18
	sentencia_ejecucion  goto 19
	tipo  goto 20
	lista_variables  goto 21
	declaracion_funcion  goto 22
	asignacion  goto 23
	condicion_if  goto 24
	sentencia_print  goto 25
	sentencia_while  goto 26
	invocacion_funcion  goto 27
	id_compuesta  goto 28


state 285
	declaracion_funcion : tipo FUN ID parametro BEGIN cuerpo RET . '(' expresion ')' ';' END  (32)

	'('  shift 310
	.  error


state 286
	cuerpo : cuerpo . sentencia  (7)
	declaracion_funcion : tipo FUN '(' parametro ')' BEGIN cuerpo . RET '(' expresion ')' ';' END  (31)

	IF  shift 4
	OUTF  shift 6
	TYPEDEF  shift 7
	FUN  shift 8
	RET  shift 311
	REPEAT  shift 9
	GOTO  shift 10
	ID  shift 11
	LONGINT  shift 12
	CML  shift 13
	DOUBLE  shift 14
	ETIQUETA  shift 15
	.  error

	sentencia  goto 63
	sentencia_declaracion  goto 18
	sentencia_ejecucion  goto 19
	tipo  goto 20
	lista_variables  goto 21
	declaracion_funcion  goto 22
	asignacion  goto 23
	condicion_if  goto 24
	sentencia_print  goto 25
	sentencia_while  goto 26
	invocacion_funcion  goto 27
	id_compuesta  goto 28


state 287
	cuerpo : cuerpo . sentencia  (7)
	declaracion_funcion : tipo ID '(' parametro ')' BEGIN cuerpo . RET '(' expresion ')' ';' END  (30)

	IF  shift 4
	OUTF  shift 6
	TYPEDEF  shift 7
	FUN  shift 8
	RET  shift 312
	REPEAT  shift 9
	GOTO  shift 10
	ID  shift 11
	LONGINT  shift 12
	CML  shift 13
	DOUBLE  shift 14
	ETIQUETA  shift 15
	.  error

	sentencia  goto 63
	sentencia_declaracion  goto 18
	sentencia_ejecucion  goto 19
	tipo  goto 20
	lista_variables  goto 21
	declaracion_funcion  goto 22
	asignacion  goto 23
	condicion_if  goto 24
	sentencia_print  goto 25
	sentencia_while  goto 26
	invocacion_funcion  goto 27
	id_compuesta  goto 28


state 288
	condicion_if : IF '(' condicion THEN bloque_sentencia_ejecutable ELSE bloque_sentencia_ejecutable END_IF . ';'  (87)

	';'  shift 313
	.  error


state 289
	condicion_if : IF '(' condicion ')' THEN error END_IF ';' .  (75)

	.  reduce 75


state 290
	condicion_if : IF '(' condicion ')' THEN ELSE bloque_sentencia_ejecutable END_IF . ';'  (82)

	';'  shift 314
	.  error


state 291
	condicion_if : IF '(' condicion ')' THEN sentencia_ejecucion ELSE sentencia_ejecucion . END_IF ';'  (93)

	END_IF  shift 315
	.  error


state 292
	condicion_if : IF '(' condicion ')' THEN sentencia_ejecucion ELSE bloque_sentencia_ejecutable . END_IF ';'  (91)

	END_IF  shift 316
	.  error


state 293
	condicion_if : IF '(' condicion ')' THEN sentencia_ejecucion END_IF ';' .  (90)

	.  reduce 90


state 294
	condicion_if : IF '(' condicion ')' THEN bloque_sentencia_ejecutable ELSE END_IF . ';'  (81)

	';'  shift 317
	.  error


state 295
	condicion_if : IF '(' condicion ')' THEN bloque_sentencia_ejecutable ELSE sentencia_ejecucion . END_IF ';'  (92)

	END_IF  shift 318
	.  error


state 296
	condicion_if : IF '(' condicion ')' THEN bloque_sentencia_ejecutable ELSE bloque_sentencia_ejecutable . END_IF ';'  (72)
	condicion_if : IF '(' condicion ')' THEN bloque_sentencia_ejecutable ELSE bloque_sentencia_ejecutable . END_IF  (80)
	condicion_if : IF '(' condicion ')' THEN bloque_sentencia_ejecutable ELSE bloque_sentencia_ejecutable . ';'  (83)

	END_IF  shift 319
	';'  shift 320
	.  error


state 297
	condicion_if : IF '(' condicion ')' THEN bloque_sentencia_ejecutable END_IF ';' .  (71)

	.  reduce 71


state 298
	condicion_if : IF '(' condicion ')' THEN bloque_sentencia_ejecutable bloque_sentencia_ejecutable END_IF . ';'  (79)

	';'  shift 321
	.  error


state 299
	condicion_if : IF condicion THEN bloque_sentencia_ejecutable ELSE bloque_sentencia_ejecutable END_IF ';' .  (89)

	.  reduce 89


state 300
	condicion_if : IF condicion ')' THEN bloque_sentencia_ejecutable ELSE bloque_sentencia_ejecutable END_IF . ';'  (88)

	';'  shift 322
	.  error


state 301
	sentencia_declaracion : TYPEDEF ID ASIGNACION tipo '[' subrango ']' ';' .  (14)

	.  reduce 14


state 302
	sentencia_declaracion : TYPEDEF STRUCT '<' lista_tipos '>' '(' lista_variables ',' . ')' ID ';'  (21)
	sentencia_declaracion : TYPEDEF STRUCT '<' lista_tipos '>' '(' lista_variables ',' . ')' ';'  (24)
	lista_variables : lista_variables ',' . ID  (127)
	lista_variables : lista_variables ',' . id_compuesta  (128)

	ID  shift 126
	')'  shift 323
	.  error

	id_compuesta  goto 127


state 303
	sentencia_declaracion : TYPEDEF STRUCT lista_tipos '(' lista_variables ',' ')' ID . ';'  (22)

	';'  shift 324
	.  error


state 304
	sentencia_declaracion : TYPEDEF '<' lista_tipos '>' '(' lista_variables ',' ')' . ID ';'  (23)

	ID  shift 325
	.  error


state 305
	declaracion_funcion : FUN ID '(' parametro ')' BEGIN cuerpo RET . '(' expresion ')' ';' END  (29)

	'('  shift 326
	.  error


state 306
	declaracion_funcion : tipo FUN ID '(' ')' BEGIN cuerpo RET . '(' expresion ')' ';' END  (34)

	'('  shift 327
	.  error


state 307
	declaracion_funcion : tipo FUN ID '(' parametro ')' BEGIN END .  (37)

	.  reduce 37


state 308
	cuerpo : cuerpo . sentencia  (7)
	declaracion_funcion : tipo FUN ID '(' parametro ')' BEGIN cuerpo . RET '(' expresion ')' ';' END  (27)
	declaracion_funcion : tipo FUN ID '(' parametro ')' BEGIN cuerpo . END  (28)
	declaracion_funcion : tipo FUN ID '(' parametro ')' BEGIN cuerpo . RET expresion ';' END  (33)
	declaracion_funcion : tipo FUN ID '(' parametro ')' BEGIN cuerpo . error  (36)

	error  shift 328
	IF  shift 4
	END  shift 329
	OUTF  shift 6
	TYPEDEF  shift 7
	FUN  shift 8
	RET  shift 330
	REPEAT  shift 9
	GOTO  shift 10
	ID  shift 11
	LONGINT  shift 12
	CML  shift 13
	DOUBLE  shift 14
	ETIQUETA  shift 15
	.  error

	sentencia  goto 63
	sentencia_declaracion  goto 18
	sentencia_ejecucion  goto 19
	tipo  goto 20
	lista_variables  goto 21
	declaracion_funcion  goto 22
	asignacion  goto 23
	condicion_if  goto 24
	sentencia_print  goto 25
	sentencia_while  goto 26
	invocacion_funcion  goto 27
	id_compuesta  goto 28


state 309
	declaracion_funcion : tipo FUN ID '(' parametro ')' cuerpo RET . '(' expresion ')' ';' END  (35)

	'('  shift 331
	.  error


state 310
	declaracion_funcion : tipo FUN ID parametro BEGIN cuerpo RET '(' . expresion ')' ';' END  (32)

	ID  shift 32
	LONGINT  shift 33
	HEXA  shift 34
	DOUBLE  shift 35
	TOD  shift 36
	'+'  shift 37
	'-'  shift 38
	'*'  shift 39
	'/'  shift 40
	.  error

	factor  goto 42
	expresion  goto 332
	invocacion_funcion  goto 44
	termino  goto 46
	id_compuesta  goto 47


state 311
	declaracion_funcion : tipo FUN '(' parametro ')' BEGIN cuerpo RET . '(' expresion ')' ';' END  (31)

	'('  shift 333
	.  error


state 312
	declaracion_funcion : tipo ID '(' parametro ')' BEGIN cuerpo RET . '(' expresion ')' ';' END  (30)

	'('  shift 334
	.  error


state 313
	condicion_if : IF '(' condicion THEN bloque_sentencia_ejecutable ELSE bloque_sentencia_ejecutable END_IF ';' .  (87)

	.  reduce 87


state 314
	condicion_if : IF '(' condicion ')' THEN ELSE bloque_sentencia_ejecutable END_IF ';' .  (82)

	.  reduce 82


state 315
	condicion_if : IF '(' condicion ')' THEN sentencia_ejecucion ELSE sentencia_ejecucion END_IF . ';'  (93)

	';'  shift 335
	.  error


state 316
	condicion_if : IF '(' condicion ')' THEN sentencia_ejecucion ELSE bloque_sentencia_ejecutable END_IF . ';'  (91)

	';'  shift 336
	.  error


state 317
	condicion_if : IF '(' condicion ')' THEN bloque_sentencia_ejecutable ELSE END_IF ';' .  (81)

	.  reduce 81


state 318
	condicion_if : IF '(' condicion ')' THEN bloque_sentencia_ejecutable ELSE sentencia_ejecucion END_IF . ';'  (92)

	';'  shift 337
	.  error


state 319
	condicion_if : IF '(' condicion ')' THEN bloque_sentencia_ejecutable ELSE bloque_sentencia_ejecutable END_IF . ';'  (72)
	condicion_if : IF '(' condicion ')' THEN bloque_sentencia_ejecutable ELSE bloque_sentencia_ejecutable END_IF .  (80)

	';'  shift 338
	$end  reduce 80
	error  reduce 80
	IF  reduce 80
	ELSE  reduce 80
	END  reduce 80
	END_IF  reduce 80
	OUTF  reduce 80
	TYPEDEF  reduce 80
	FUN  reduce 80
	RET  reduce 80
	REPEAT  reduce 80
	GOTO  reduce 80
	ID  reduce 80
	LONGINT  reduce 80
	CML  reduce 80
	DOUBLE  reduce 80
	ETIQUETA  reduce 80


state 320
	condicion_if : IF '(' condicion ')' THEN bloque_sentencia_ejecutable ELSE bloque_sentencia_ejecutable ';' .  (83)

	.  reduce 83


state 321
	condicion_if : IF '(' condicion ')' THEN bloque_sentencia_ejecutable bloque_sentencia_ejecutable END_IF ';' .  (79)

	.  reduce 79


state 322
	condicion_if : IF condicion ')' THEN bloque_sentencia_ejecutable ELSE bloque_sentencia_ejecutable END_IF ';' .  (88)

	.  reduce 88


state 323
	sentencia_declaracion : TYPEDEF STRUCT '<' lista_tipos '>' '(' lista_variables ',' ')' . ID ';'  (21)
	sentencia_declaracion : TYPEDEF STRUCT '<' lista_tipos '>' '(' lista_variables ',' ')' . ';'  (24)

	ID  shift 339
	';'  shift 340
	.  error


state 324
	sentencia_declaracion : TYPEDEF STRUCT lista_tipos '(' lista_variables ',' ')' ID ';' .  (22)

	.  reduce 22


state 325
	sentencia_declaracion : TYPEDEF '<' lista_tipos '>' '(' lista_variables ',' ')' ID . ';'  (23)

	';'  shift 341
	.  error


state 326
	declaracion_funcion : FUN ID '(' parametro ')' BEGIN cuerpo RET '(' . expresion ')' ';' END  (29)

	ID  shift 32
	LONGINT  shift 33
	HEXA  shift 34
	DOUBLE  shift 35
	TOD  shift 36
	'+'  shift 37
	'-'  shift 38
	'*'  shift 39
	'/'  shift 40
	.  error

	factor  goto 42
	expresion  goto 342
	invocacion_funcion  goto 44
	termino  goto 46
	id_compuesta  goto 47


state 327
	declaracion_funcion : tipo FUN ID '(' ')' BEGIN cuerpo RET '(' . expresion ')' ';' END  (34)

	ID  shift 32
	LONGINT  shift 33
	HEXA  shift 34
	DOUBLE  shift 35
	TOD  shift 36
	'+'  shift 37
	'-'  shift 38
	'*'  shift 39
	'/'  shift 40
	.  error

	factor  goto 42
	expresion  goto 343
	invocacion_funcion  goto 44
	termino  goto 46
	id_compuesta  goto 47


state 328
	declaracion_funcion : tipo FUN ID '(' parametro ')' BEGIN cuerpo error .  (36)

	.  reduce 36


state 329
	declaracion_funcion : tipo FUN ID '(' parametro ')' BEGIN cuerpo END .  (28)

	.  reduce 28


state 330
	declaracion_funcion : tipo FUN ID '(' parametro ')' BEGIN cuerpo RET . '(' expresion ')' ';' END  (27)
	declaracion_funcion : tipo FUN ID '(' parametro ')' BEGIN cuerpo RET . expresion ';' END  (33)

	ID  shift 32
	LONGINT  shift 33
	HEXA  shift 34
	DOUBLE  shift 35
	TOD  shift 36
	'+'  shift 37
	'-'  shift 38
	'*'  shift 39
	'/'  shift 40
	'('  shift 344
	.  error

	factor  goto 42
	expresion  goto 345
	invocacion_funcion  goto 44
	termino  goto 46
	id_compuesta  goto 47


state 331
	declaracion_funcion : tipo FUN ID '(' parametro ')' cuerpo RET '(' . expresion ')' ';' END  (35)

	ID  shift 32
	LONGINT  shift 33
	HEXA  shift 34
	DOUBLE  shift 35
	TOD  shift 36
	'+'  shift 37
	'-'  shift 38
	'*'  shift 39
	'/'  shift 40
	.  error

	factor  goto 42
	expresion  goto 346
	invocacion_funcion  goto 44
	termino  goto 46
	id_compuesta  goto 47


state 332
	declaracion_funcion : tipo FUN ID parametro BEGIN cuerpo RET '(' expresion . ')' ';' END  (32)
	expresion : expresion . '+' termino  (97)
	expresion : expresion . '-' termino  (98)
	expresion : expresion . '+' '+' termino  (99)
	expresion : expresion . '-' '+' termino  (100)
	expresion : expresion . '+'  (102)
	expresion : expresion . '-'  (103)

	'+'  shift 86
	'-'  shift 87
	')'  shift 347
	.  error


state 333
	declaracion_funcion : tipo FUN '(' parametro ')' BEGIN cuerpo RET '(' . expresion ')' ';' END  (31)

	ID  shift 32
	LONGINT  shift 33
	HEXA  shift 34
	DOUBLE  shift 35
	TOD  shift 36
	'+'  shift 37
	'-'  shift 38
	'*'  shift 39
	'/'  shift 40
	.  error

	factor  goto 42
	expresion  goto 348
	invocacion_funcion  goto 44
	termino  goto 46
	id_compuesta  goto 47


state 334
	declaracion_funcion : tipo ID '(' parametro ')' BEGIN cuerpo RET '(' . expresion ')' ';' END  (30)

	ID  shift 32
	LONGINT  shift 33
	HEXA  shift 34
	DOUBLE  shift 35
	TOD  shift 36
	'+'  shift 37
	'-'  shift 38
	'*'  shift 39
	'/'  shift 40
	.  error

	factor  goto 42
	expresion  goto 349
	invocacion_funcion  goto 44
	termino  goto 46
	id_compuesta  goto 47


state 335
	condicion_if : IF '(' condicion ')' THEN sentencia_ejecucion ELSE sentencia_ejecucion END_IF ';' .  (93)

	.  reduce 93


state 336
	condicion_if : IF '(' condicion ')' THEN sentencia_ejecucion ELSE bloque_sentencia_ejecutable END_IF ';' .  (91)

	.  reduce 91


state 337
	condicion_if : IF '(' condicion ')' THEN bloque_sentencia_ejecutable ELSE sentencia_ejecucion END_IF ';' .  (92)

	.  reduce 92


state 338
	condicion_if : IF '(' condicion ')' THEN bloque_sentencia_ejecutable ELSE bloque_sentencia_ejecutable END_IF ';' .  (72)

	.  reduce 72


state 339
	sentencia_declaracion : TYPEDEF STRUCT '<' lista_tipos '>' '(' lista_variables ',' ')' ID . ';'  (21)

	';'  shift 350
	.  error


state 340
	sentencia_declaracion : TYPEDEF STRUCT '<' lista_tipos '>' '(' lista_variables ',' ')' ';' .  (24)

	.  reduce 24


state 341
	sentencia_declaracion : TYPEDEF '<' lista_tipos '>' '(' lista_variables ',' ')' ID ';' .  (23)

	.  reduce 23


state 342
	declaracion_funcion : FUN ID '(' parametro ')' BEGIN cuerpo RET '(' expresion . ')' ';' END  (29)
	expresion : expresion . '+' termino  (97)
	expresion : expresion . '-' termino  (98)
	expresion : expresion . '+' '+' termino  (99)
	expresion : expresion . '-' '+' termino  (100)
	expresion : expresion . '+'  (102)
	expresion : expresion . '-'  (103)

	'+'  shift 86
	'-'  shift 87
	')'  shift 351
	.  error


state 343
	declaracion_funcion : tipo FUN ID '(' ')' BEGIN cuerpo RET '(' expresion . ')' ';' END  (34)
	expresion : expresion . '+' termino  (97)
	expresion : expresion . '-' termino  (98)
	expresion : expresion . '+' '+' termino  (99)
	expresion : expresion . '-' '+' termino  (100)
	expresion : expresion . '+'  (102)
	expresion : expresion . '-'  (103)

	'+'  shift 86
	'-'  shift 87
	')'  shift 352
	.  error


state 344
	declaracion_funcion : tipo FUN ID '(' parametro ')' BEGIN cuerpo RET '(' . expresion ')' ';' END  (27)

	ID  shift 32
	LONGINT  shift 33
	HEXA  shift 34
	DOUBLE  shift 35
	TOD  shift 36
	'+'  shift 37
	'-'  shift 38
	'*'  shift 39
	'/'  shift 40
	.  error

	factor  goto 42
	expresion  goto 353
	invocacion_funcion  goto 44
	termino  goto 46
	id_compuesta  goto 47


state 345
	declaracion_funcion : tipo FUN ID '(' parametro ')' BEGIN cuerpo RET expresion . ';' END  (33)
	expresion : expresion . '+' termino  (97)
	expresion : expresion . '-' termino  (98)
	expresion : expresion . '+' '+' termino  (99)
	expresion : expresion . '-' '+' termino  (100)
	expresion : expresion . '+'  (102)
	expresion : expresion . '-'  (103)

	'+'  shift 86
	'-'  shift 87
	';'  shift 354
	.  error


state 346
	declaracion_funcion : tipo FUN ID '(' parametro ')' cuerpo RET '(' expresion . ')' ';' END  (35)
	expresion : expresion . '+' termino  (97)
	expresion : expresion . '-' termino  (98)
	expresion : expresion . '+' '+' termino  (99)
	expresion : expresion . '-' '+' termino  (100)
	expresion : expresion . '+'  (102)
	expresion : expresion . '-'  (103)

	'+'  shift 86
	'-'  shift 87
	')'  shift 355
	.  error


state 347
	declaracion_funcion : tipo FUN ID parametro BEGIN cuerpo RET '(' expresion ')' . ';' END  (32)

	';'  shift 356
	.  error


state 348
	declaracion_funcion : tipo FUN '(' parametro ')' BEGIN cuerpo RET '(' expresion . ')' ';' END  (31)
	expresion : expresion . '+' termino  (97)
	expresion : expresion . '-' termino  (98)
	expresion : expresion . '+' '+' termino  (99)
	expresion : expresion . '-' '+' termino  (100)
	expresion : expresion . '+'  (102)
	expresion : expresion . '-'  (103)

	'+'  shift 86
	'-'  shift 87
	')'  shift 357
	.  error


state 349
	declaracion_funcion : tipo ID '(' parametro ')' BEGIN cuerpo RET '(' expresion . ')' ';' END  (30)
	expresion : expresion . '+' termino  (97)
	expresion : expresion . '-' termino  (98)
	expresion : expresion . '+' '+' termino  (99)
	expresion : expresion . '-' '+' termino  (100)
	expresion : expresion . '+'  (102)
	expresion : expresion . '-'  (103)

	'+'  shift 86
	'-'  shift 87
	')'  shift 358
	.  error


state 350
	sentencia_declaracion : TYPEDEF STRUCT '<' lista_tipos '>' '(' lista_variables ',' ')' ID ';' .  (21)

	.  reduce 21


state 351
	declaracion_funcion : FUN ID '(' parametro ')' BEGIN cuerpo RET '(' expresion ')' . ';' END  (29)

	';'  shift 359
	.  error


state 352
	declaracion_funcion : tipo FUN ID '(' ')' BEGIN cuerpo RET '(' expresion ')' . ';' END  (34)

	';'  shift 360
	.  error


state 353
	declaracion_funcion : tipo FUN ID '(' parametro ')' BEGIN cuerpo RET '(' expresion . ')' ';' END  (27)
	expresion : expresion . '+' termino  (97)
	expresion : expresion . '-' termino  (98)
	expresion : expresion . '+' '+' termino  (99)
	expresion : expresion . '-' '+' termino  (100)
	expresion : expresion . '+'  (102)
	expresion : expresion . '-'  (103)

	'+'  shift 86
	'-'  shift 87
	')'  shift 361
	.  error


state 354
	declaracion_funcion : tipo FUN ID '(' parametro ')' BEGIN cuerpo RET expresion ';' . END  (33)

	END  shift 362
	.  error


state 355
	declaracion_funcion : tipo FUN ID '(' parametro ')' cuerpo RET '(' expresion ')' . ';' END  (35)

	';'  shift 363
	.  error


state 356
	declaracion_funcion : tipo FUN ID parametro BEGIN cuerpo RET '(' expresion ')' ';' . END  (32)

	END  shift 364
	.  error


state 357
	declaracion_funcion : tipo FUN '(' parametro ')' BEGIN cuerpo RET '(' expresion ')' . ';' END  (31)

	';'  shift 365
	.  error


state 358
	declaracion_funcion : tipo ID '(' parametro ')' BEGIN cuerpo RET '(' expresion ')' . ';' END  (30)

	';'  shift 366
	.  error


state 359
	declaracion_funcion : FUN ID '(' parametro ')' BEGIN cuerpo RET '(' expresion ')' ';' . END  (29)

	END  shift 367
	.  error


state 360
	declaracion_funcion : tipo FUN ID '(' ')' BEGIN cuerpo RET '(' expresion ')' ';' . END  (34)

	END  shift 368
	.  error


state 361
	declaracion_funcion : tipo FUN ID '(' parametro ')' BEGIN cuerpo RET '(' expresion ')' . ';' END  (27)

	';'  shift 369
	.  error


state 362
	declaracion_funcion : tipo FUN ID '(' parametro ')' BEGIN cuerpo RET expresion ';' END .  (33)

	.  reduce 33


state 363
	declaracion_funcion : tipo FUN ID '(' parametro ')' cuerpo RET '(' expresion ')' ';' . END  (35)

	END  shift 370
	.  error


state 364
	declaracion_funcion : tipo FUN ID parametro BEGIN cuerpo RET '(' expresion ')' ';' END .  (32)

	.  reduce 32


state 365
	declaracion_funcion : tipo FUN '(' parametro ')' BEGIN cuerpo RET '(' expresion ')' ';' . END  (31)

	END  shift 371
	.  error


state 366
	declaracion_funcion : tipo ID '(' parametro ')' BEGIN cuerpo RET '(' expresion ')' ';' . END  (30)

	END  shift 372
	.  error


state 367
	declaracion_funcion : FUN ID '(' parametro ')' BEGIN cuerpo RET '(' expresion ')' ';' END .  (29)

	.  reduce 29


state 368
	declaracion_funcion : tipo FUN ID '(' ')' BEGIN cuerpo RET '(' expresion ')' ';' END .  (34)

	.  reduce 34


state 369
	declaracion_funcion : tipo FUN ID '(' parametro ')' BEGIN cuerpo RET '(' expresion ')' ';' . END  (27)

	END  shift 373
	.  error


state 370
	declaracion_funcion : tipo FUN ID '(' parametro ')' cuerpo RET '(' expresion ')' ';' END .  (35)

	.  reduce 35


state 371
	declaracion_funcion : tipo FUN '(' parametro ')' BEGIN cuerpo RET '(' expresion ')' ';' END .  (31)

	.  reduce 31


state 372
	declaracion_funcion : tipo ID '(' parametro ')' BEGIN cuerpo RET '(' expresion ')' ';' END .  (30)

	.  reduce 30


state 373
	declaracion_funcion : tipo FUN ID '(' parametro ')' BEGIN cuerpo RET '(' expresion ')' ';' END .  (27)

	.  reduce 27


42 terminals, 26 nonterminals
146 grammar rules, 374 states
